id,code_incident,equipement_id,equipement_code,secteur_id,secteur_nom,region,latitude,longitude,type_incident,libelle,severite,statut,date_detection,date_resolution,duree_resolution_min,duree_estimee_min,description,priorite,ticket_id,technicien_assigne_id,technicien_assigne_nom
1,INC-202606-0001,88,EQ-06-0088,6,Agadir,Souss-Massa,30.430485,-9.669617,MISE_A_JOUR,Echec mise à jour firmware,MINEUR,OUVERT,2026-06-21T18:36:51.419797,,,71,Echec mise à jour firmware sur BTS_3G_AGADIR_088 — secteur Agadir,3,,,
2,INC-202606-0002,107,EQ-03-0107,3,Marrakech,Marrakech-Safi,31.588292,-7.895798,DEGRADATION,Dégradation performances,MAJEUR,OUVERT,2026-06-22T02:12:55.419797,,,170,Dégradation performances sur BTS_2G_MARRAKECH_107 — secteur Marrakech,2,,,
3,INC-202606-0003,13,EQ-10-0013,10,Tétouan,Tanger-Tétouan-Al Hoceima,35.449052,-5.368746,INTERFERENCE,Interférence signal,MINEUR,OUVERT,2026-06-22T12:57:32.419797,,,27,Interférence signal sur SWITCH_TÉTOUAN_013 — secteur Tétouan,3,,,
4,INC-202606-0004,76,EQ-10-0076,10,Tétouan,Tanger-Tétouan-Al Hoceima,35.73919,-5.248763,INTERFERENCE,Interférence signal,MINEUR,OUVERT,2026-06-22T10:39:45.419797,,,72,Interférence signal sur BTS_2G_TÉTOUAN_076 — secteur Tétouan,3,,,
5,INC-202606-0005,46,EQ-10-0046,10,Tétouan,Tanger-Tétouan-Al Hoceima,35.676524,-5.501915,PANNE_ALIM,Panne alimentation,CRITIQUE,OUVERT,2026-06-21T14:02:42.419797,,,387,Panne alimentation sur BTS_5G_TÉTOUAN_046 — secteur Tétouan,1,,,
6,INC-202606-0006,77,EQ-06-0077,6,Agadir,Souss-Massa,30.541978,-9.438889,SURCHARGE,Surcharge trafic,MAJEUR,OUVERT,2026-06-25T05:29:04.419797,,,71,Surcharge trafic sur ROUTEUR_AGADIR_077 — secteur Agadir,2,,,
7,INC-202606-0007,74,EQ-04-0074,4,Fès,Fès-Meknès,34.105465,-4.914818,COUPURE_FIBRE,Coupure fibre optique,CRITIQUE,OUVERT,2026-06-22T20:07:43.419797,,,516,Coupure fibre optique sur OLT_FÈS_074 — secteur Fès,1,,,
8,INC-202606-0008,62,EQ-07-0062,7,Meknès,Fès-Meknès,33.849536,-5.646747,COUPURE_FIBRE,Coupure fibre optique,CRITIQUE,OUVERT,2026-06-22T06:34:52.419797,,,359,Coupure fibre optique sur SWITCH_MEKNÈS_062 — secteur Meknès,1,,,
9,INC-202606-0009,109,EQ-10-0109,10,Tétouan,Tanger-Tétouan-Al Hoceima,35.544779,-5.348327,INTERFERENCE,Interférence signal,MINEUR,OUVERT,2026-06-22T08:31:22.419797,,,55,Interférence signal sur BTS_5G_TÉTOUAN_109 — secteur Tétouan,3,,,
10,INC-202606-0010,74,EQ-04-0074,4,Fès,Fès-Meknès,34.105465,-4.914818,COUPURE_FIBRE,Coupure fibre optique,CRITIQUE,OUVERT,2026-06-26T04:02:53.419797,,,467,Coupure fibre optique sur OLT_FÈS_074 — secteur Fès,1,,,
11,INC-202606-0011,99,EQ-04-0099,4,Fès,Fès-Meknès,33.895345,-5.152196,PANNE_COMPLETE,Panne totale équipement,CRITIQUE,OUVERT,2026-06-24T04:57:36.419797,,,134,Panne totale équipement sur ROUTEUR_FÈS_099 — secteur Fès,1,,,
12,INC-202606-0012,24,EQ-04-0024,4,Fès,Fès-Meknès,33.972601,-4.930464,SURCHARGE,Surcharge trafic,MAJEUR,OUVERT,2026-06-24T17:03:30.419797,,,131,Surcharge trafic sur ROUTEUR_FÈS_024 — secteur Fès,2,,,
13,INC-202606-0013,45,EQ-03-0045,3,Marrakech,Marrakech-Safi,31.45627,-8.158111,PANNE_COMPLETE,Panne totale équipement,CRITIQUE,OUVERT,2026-06-23T03:53:54.419797,,,193,Panne totale équipement sur ROUTEUR_MARRAKECH_045 — secteur Marrakech,1,,,
14,INC-202606-0014,73,EQ-02-0073,2,Rabat-Salé,Rabat-Salé-Kénitra,33.901303,-6.915543,PANNE_ALIM,Panne alimentation,CRITIQUE,OUVERT,2026-06-21T19:19:42.419797,,,312,Panne alimentation sur ROUTEUR_RABAT-SALÉ_073 — secteur Rabat-Salé,1,,,
15,INC-202606-0015,95,EQ-08-0095,8,Oujda,Oriental,34.818652,-2.094709,PANNE_COMPLETE,Panne totale équipement,CRITIQUE,OUVERT,2026-06-22T01:47:11.419797,,,391,Panne totale équipement sur ANTENNE_OUJDA_095 — secteur Oujda,1,,,
16,INC-202606-0016,28,EQ-10-0028,10,Tétouan,Tanger-Tétouan-Al Hoceima,35.462733,-5.380574,PANNE_ALIM,Panne alimentation,CRITIQUE,OUVERT,2026-06-26T01:20:43.419797,,,472,Panne alimentation sur ANTENNE_TÉTOUAN_028 — secteur Tétouan,1,,,
17,INC-202606-0017,44,EQ-09-0044,9,Kenitra,Rabat-Salé-Kénitra,34.336614,-6.555604,ALARME_RESEAU,Alarme réseau détectée,MINEUR,OUVERT,2026-06-25T10:50:45.419797,,,69,Alarme réseau détectée sur BTS_2G_KENITRA_044 — secteur Kenitra,3,,,
18,INC-202606-0018,93,EQ-05-0093,5,Tanger,Tanger-Tétouan-Al Hoceima,35.660247,-5.790687,INTERFERENCE,Interférence signal,MINEUR,OUVERT,2026-06-27T20:23:01.419797,,,30,Interférence signal sur SWITCH_TANGER_093 — secteur Tanger,3,,,
19,INC-202606-0019,114,EQ-03-0114,3,Marrakech,Marrakech-Safi,31.638042,-8.007123,PANNE_COMPLETE,Panne totale équipement,CRITIQUE,OUVERT,2026-06-22T20:22:34.419797,,,200,Panne totale équipement sur ANTENNE_MARRAKECH_114 — secteur Marrakech,1,,,
20,INC-202606-0020,97,EQ-08-0097,8,Oujda,Oriental,34.599593,-2.032779,PANNE_COMPLETE,Panne totale équipement,CRITIQUE,OUVERT,2026-06-21T22:49:21.419797,,,259,Panne totale équipement sur ROUTEUR_OUJDA_097 — secteur Oujda,1,,,
21,INC-202606-0021,57,EQ-09-0057,9,Kenitra,Rabat-Salé-Kénitra,34.341864,-6.425398,PANNE_ALIM,Panne alimentation,CRITIQUE,OUVERT,2026-06-26T20:31:10.419797,,,550,Panne alimentation sur OLT_KENITRA_057 — secteur Kenitra,1,,,
22,INC-202606-0022,57,EQ-09-0057,9,Kenitra,Rabat-Salé-Kénitra,34.341864,-6.425398,PANNE_ALIM,Panne alimentation,CRITIQUE,OUVERT,2026-06-24T06:37:33.419797,,,350,Panne alimentation sur OLT_KENITRA_057 — secteur Kenitra,1,,,
23,INC-202606-0023,97,EQ-08-0097,8,Oujda,Oriental,34.599593,-2.032779,DEGRADATION,Dégradation performances,MAJEUR,OUVERT,2026-06-25T03:35:56.419797,,,170,Dégradation performances sur ROUTEUR_OUJDA_097 — secteur Oujda,2,,,
24,INC-202606-0024,15,EQ-07-0015,7,Meknès,Fès-Meknès,33.767068,-5.330584,SURCHARGE,Surcharge trafic,MAJEUR,OUVERT,2026-06-26T20:48:08.419797,,,179,Surcharge trafic sur SWITCH_MEKNÈS_015 — secteur Meknès,2,,,
25,INC-202606-0025,86,EQ-05-0086,5,Tanger,Tanger-Tétouan-Al Hoceima,35.712948,-5.737147,SURCHARGE,Surcharge trafic,MAJEUR,OUVERT,2026-06-21T12:17:20.419797,,,101,Surcharge trafic sur OLT_TANGER_086 — secteur Tanger,2,,,
26,INC-202606-0026,51,EQ-04-0051,4,Fès,Fès-Meknès,34.093295,-5.073711,PANNE_COMPLETE,Panne totale équipement,CRITIQUE,OUVERT,2026-06-21T01:17:57.419797,,,224,Panne totale équipement sur BTS_5G_FÈS_051 — secteur Fès,1,,,
27,INC-202606-0027,39,EQ-10-0039,10,Tétouan,Tanger-Tétouan-Al Hoceima,35.614049,-5.575724,COUPURE_FIBRE,Coupure fibre optique,CRITIQUE,OUVERT,2026-06-22T15:01:58.419797,,,571,Coupure fibre optique sur BTS_5G_TÉTOUAN_039 — secteur Tétouan,1,,,
28,INC-202606-0028,33,EQ-09-0033,9,Kenitra,Rabat-Salé-Kénitra,34.47226,-6.388143,SURCHARGE,Surcharge trafic,MAJEUR,OUVERT,2026-06-24T22:37:58.419797,,,75,Surcharge trafic sur BTS_2G_KENITRA_033 — secteur Kenitra,2,,,
29,INC-202606-0029,1,EQ-02-0001,2,Rabat-Salé,Rabat-Salé-Kénitra,34.129707,-6.956514,MISE_A_JOUR,Echec mise à jour firmware,MINEUR,OUVERT,2026-06-26T04:29:51.419797,,,82,Echec mise à jour firmware sur BTS_2G_RABAT-SALÉ_001 — secteur Rabat-Salé,3,,,
30,INC-202606-0030,17,EQ-07-0017,7,Meknès,Fès-Meknès,33.936693,-5.569092,PANNE_ALIM,Panne alimentation,CRITIQUE,OUVERT,2026-06-27T10:11:10.419797,,,600,Panne alimentation sur OLT_MEKNÈS_017 — secteur Meknès,1,,,
31,INC-202606-0031,30,EQ-02-0030,2,Rabat-Salé,Rabat-Salé-Kénitra,33.977036,-6.913986,INTERFERENCE,Interférence signal,MINEUR,OUVERT,2026-06-21T20:03:13.419797,,,70,Interférence signal sur BTS_2G_RABAT-SALÉ_030 — secteur Rabat-Salé,3,,,
32,INC-202606-0032,111,EQ-08-0111,8,Oujda,Oriental,34.77667,-1.711996,PANNE_COMPLETE,Panne totale équipement,CRITIQUE,OUVERT,2026-06-26T06:07:06.419797,,,129,Panne totale équipement sur ROUTEUR_OUJDA_111 — secteur Oujda,1,,,
33,INC-202606-0033,59,EQ-06-0059,6,Agadir,Souss-Massa,30.399149,-9.379976,DEGRADATION,Dégradation performances,MAJEUR,OUVERT,2026-06-24T18:14:44.419797,,,207,Dégradation performances sur SWITCH_AGADIR_059 — secteur Agadir,2,,,
34,INC-202606-0034,55,EQ-08-0055,8,Oujda,Oriental,34.598948,-1.778361,PANNE_ALIM,Panne alimentation,CRITIQUE,OUVERT,2026-06-26T00:43:20.419797,,,388,Panne alimentation sur SWITCH_OUJDA_055 — secteur Oujda,1,,,
35,INC-202606-0035,15,EQ-07-0015,7,Meknès,Fès-Meknès,33.767068,-5.330584,PANNE_ALIM,Panne alimentation,CRITIQUE,OUVERT,2026-06-21T05:08:06.419797,,,406,Panne alimentation sur SWITCH_MEKNÈS_015 — secteur Meknès,1,,,
36,INC-202606-0036,22,EQ-10-0022,10,Tétouan,Tanger-Tétouan-Al Hoceima,35.391857,-5.374711,MISE_A_JOUR,Echec mise à jour firmware,MINEUR,OUVERT,2026-06-25T08:27:27.419797,,,71,Echec mise à jour firmware sur BTS_3G_TÉTOUAN_022 — secteur Tétouan,3,,,
37,INC-202606-0037,56,EQ-04-0056,4,Fès,Fès-Meknès,33.940741,-4.843677,DEGRADATION,Dégradation performances,MAJEUR,OUVERT,2026-06-23T21:55:52.419797,,,171,Dégradation performances sur OLT_FÈS_056 — secteur Fès,2,,,
38,INC-202606-0038,76,EQ-10-0076,10,Tétouan,Tanger-Tétouan-Al Hoceima,35.73919,-5.248763,PANNE_ALIM,Panne alimentation,CRITIQUE,OUVERT,2026-06-27T07:40:31.419797,,,280,Panne alimentation sur BTS_2G_TÉTOUAN_076 — secteur Tétouan,1,,,
39,INC-202606-0039,51,EQ-04-0051,4,Fès,Fès-Meknès,34.093295,-5.073711,SURCHARGE,Surcharge trafic,MAJEUR,OUVERT,2026-06-25T01:57:02.419797,,,101,Surcharge trafic sur BTS_5G_FÈS_051 — secteur Fès,2,,,
40,INC-202606-0040,43,EQ-02-0043,2,Rabat-Salé,Rabat-Salé-Kénitra,33.962128,-6.995768,ALARME_RESEAU,Alarme réseau détectée,MINEUR,OUVERT,2026-06-21T21:18:26.419797,,,95,Alarme réseau détectée sur BTS_5G_RABAT-SALÉ_043 — secteur Rabat-Salé,3,,,
41,INC-202606-0041,82,EQ-02-0082,2,Rabat-Salé,Rabat-Salé-Kénitra,33.804406,-6.823844,DEGRADATION,Dégradation performances,MAJEUR,OUVERT,2026-06-27T09:36:36.419797,,,190,Dégradation performances sur ANTENNE_RABAT-SALÉ_082 — secteur Rabat-Salé,2,,,
42,INC-202606-0042,25,EQ-08-0025,8,Oujda,Oriental,34.573144,-2.107785,INTERFERENCE,Interférence signal,MINEUR,OUVERT,2026-06-25T05:19:31.419797,,,38,Interférence signal sur BTS_3G_OUJDA_025 — secteur Oujda,3,,,
43,INC-202606-0043,31,EQ-09-0031,9,Kenitra,Rabat-Salé-Kénitra,34.09892,-6.722773,DEGRADATION,Dégradation performances,MAJEUR,OUVERT,2026-06-22T17:42:54.419797,,,125,Dégradation performances sur ANTENNE_KENITRA_031 — secteur Kenitra,2,,,
44,INC-202606-0044,26,EQ-01-0026,1,Grand Casablanca,Casablanca-Settat,33.666722,-7.788506,ALARME_RESEAU,Alarme réseau détectée,MINEUR,OUVERT,2026-06-22T19:35:12.419797,,,113,Alarme réseau détectée sur BTS_3G_GRAND_CASABLANCA_026 — secteur Grand Casablanca,3,,,
45,INC-202606-0045,10,EQ-05-0010,5,Tanger,Tanger-Tétouan-Al Hoceima,35.808658,-5.982136,ALARME_RESEAU,Alarme réseau détectée,MINEUR,OUVERT,2026-06-26T22:58:56.419797,,,89,Alarme réseau détectée sur BTS_3G_TANGER_010 — secteur Tanger,3,,,
46,INC-202606-0046,97,EQ-08-0097,8,Oujda,Oriental,34.599593,-2.032779,MISE_A_JOUR,Echec mise à jour firmware,MINEUR,OUVERT,2026-06-27T19:28:49.419797,,,142,Echec mise à jour firmware sur ROUTEUR_OUJDA_097 — secteur Oujda,3,,,
47,INC-202606-0047,82,EQ-02-0082,2,Rabat-Salé,Rabat-Salé-Kénitra,33.804406,-6.823844,INTERFERENCE,Interférence signal,MINEUR,OUVERT,2026-06-24T19:08:32.419797,,,39,Interférence signal sur ANTENNE_RABAT-SALÉ_082 — secteur Rabat-Salé,3,,,
48,INC-202606-0048,57,EQ-09-0057,9,Kenitra,Rabat-Salé-Kénitra,34.341864,-6.425398,DEGRADATION,Dégradation performances,MAJEUR,OUVERT,2026-06-26T15:38:36.419797,,,173,Dégradation performances sur OLT_KENITRA_057 — secteur Kenitra,2,,,
49,INC-202606-0049,81,EQ-08-0081,8,Oujda,Oriental,34.613502,-1.740391,SURCHARGE,Surcharge trafic,MAJEUR,OUVERT,2026-06-24T07:03:53.419797,,,59,Surcharge trafic sur SWITCH_OUJDA_081 — secteur Oujda,2,,,
50,INC-202606-0050,46,EQ-10-0046,10,Tétouan,Tanger-Tétouan-Al Hoceima,35.676524,-5.501915,DEGRADATION,Dégradation performances,MAJEUR,OUVERT,2026-06-24T17:28:23.419797,,,178,Dégradation performances sur BTS_5G_TÉTOUAN_046 — secteur Tétouan,2,,,
51,INC-202606-0051,58,EQ-05-0058,5,Tanger,Tanger-Tétouan-Al Hoceima,35.795802,-5.616184,PANNE_COMPLETE,Panne totale équipement,CRITIQUE,OUVERT,2026-06-21T15:37:50.419797,,,308,Panne totale équipement sur BTS_4G_TANGER_058 — secteur Tanger,1,,,
52,INC-202606-0052,107,EQ-03-0107,3,Marrakech,Marrakech-Safi,31.588292,-7.895798,SURCHARGE,Surcharge trafic,MAJEUR,OUVERT,2026-06-21T21:24:35.419797,,,68,Surcharge trafic sur BTS_2G_MARRAKECH_107 — secteur Marrakech,2,,,
53,INC-202606-0053,79,EQ-08-0079,8,Oujda,Oriental,34.903241,-1.896029,PANNE_ALIM,Panne alimentation,CRITIQUE,OUVERT,2026-06-26T13:50:05.419797,,,537,Panne alimentation sur BTS_4G_OUJDA_079 — secteur Oujda,1,,,
54,INC-202606-0054,71,EQ-08-0071,8,Oujda,Oriental,34.835605,-1.889836,PANNE_COMPLETE,Panne totale équipement,CRITIQUE,OUVERT,2026-06-26T10:03:16.419797,,,412,Panne totale équipement sur OLT_OUJDA_071 — secteur Oujda,1,,,
55,INC-202606-0055,84,EQ-08-0084,8,Oujda,Oriental,34.715515,-2.038443,COUPURE_FIBRE,Coupure fibre optique,CRITIQUE,OUVERT,2026-06-24T20:42:42.419797,,,489,Coupure fibre optique sur BTS_3G_OUJDA_084 — secteur Oujda,1,,,
56,INC-202606-0056,61,EQ-02-0061,2,Rabat-Salé,Rabat-Salé-Kénitra,34.076375,-6.768002,ALARME_RESEAU,Alarme réseau détectée,MINEUR,OUVERT,2026-06-21T17:04:56.419797,,,87,Alarme réseau détectée sur SWITCH_RABAT-SALÉ_061 — secteur Rabat-Salé,3,,,
57,INC-202606-0057,14,EQ-03-0014,3,Marrakech,Marrakech-Safi,31.739855,-7.963543,INTERFERENCE,Interférence signal,MINEUR,OUVERT,2026-06-21T23:37:22.419797,,,84,Interférence signal sur BTS_5G_MARRAKECH_014 — secteur Marrakech,3,,,
58,INC-202606-0058,83,EQ-01-0083,1,Grand Casablanca,Casablanca-Settat,33.775628,-7.725223,ALARME_RESEAU,Alarme réseau détectée,MINEUR,OUVERT,2026-06-21T10:27:40.419797,,,61,Alarme réseau détectée sur BTS_2G_GRAND_CASABLANCA_083 — secteur Grand Casablanca,3,,,
59,INC-202606-0059,91,EQ-04-0091,4,Fès,Fès-Meknès,33.918518,-5.029961,MISE_A_JOUR,Echec mise à jour firmware,MINEUR,OUVERT,2026-06-26T07:03:04.419797,,,127,Echec mise à jour firmware sur BTS_3G_FÈS_091 — secteur Fès,3,,,
60,INC-202606-0060,67,EQ-04-0067,4,Fès,Fès-Meknès,33.803877,-5.122736,ALARME_RESEAU,Alarme réseau détectée,MINEUR,OUVERT,2026-06-25T09:03:11.419797,,,77,Alarme réseau détectée sur BTS_4G_FÈS_067 — secteur Fès,3,,,
61,INC-202606-0061,118,EQ-07-0118,7,Meknès,Fès-Meknès,33.964518,-5.535514,SURCHARGE,Surcharge trafic,MAJEUR,OUVERT,2026-06-25T15:54:12.419797,,,149,Surcharge trafic sur BTS_2G_MEKNÈS_118 — secteur Meknès,2,,,
62,INC-202606-0062,100,EQ-01-0100,1,Grand Casablanca,Casablanca-Settat,33.662027,-7.758143,INTERFERENCE,Interférence signal,MINEUR,OUVERT,2026-06-21T14:18:46.419797,,,62,Interférence signal sur ROUTEUR_GRAND_CASABLANCA_100 — secteur Grand Casablanca,3,,,
63,INC-202606-0063,9,EQ-07-0009,7,Meknès,Fès-Meknès,33.872514,-5.4042,INTERFERENCE,Interférence signal,MINEUR,OUVERT,2026-06-22T02:35:13.419797,,,69,Interférence signal sur ROUTEUR_MEKNÈS_009 — secteur Meknès,3,,,
64,INC-202606-0064,37,EQ-01-0037,1,Grand Casablanca,Casablanca-Settat,33.611018,-7.588516,SURCHARGE,Surcharge trafic,MAJEUR,OUVERT,2026-06-22T18:51:34.419797,,,130,Surcharge trafic sur BTS_2G_GRAND_CASABLANCA_037 — secteur Grand Casablanca,2,,,
65,INC-202606-0065,11,EQ-07-0011,7,Meknès,Fès-Meknès,34.114006,-5.491637,ALARME_RESEAU,Alarme réseau détectée,MINEUR,OUVERT,2026-06-25T04:57:10.419797,,,69,Alarme réseau détectée sur ROUTEUR_MEKNÈS_011 — secteur Meknès,3,,,
66,INC-202606-0066,84,EQ-08-0084,8,Oujda,Oriental,34.715515,-2.038443,PANNE_ALIM,Panne alimentation,CRITIQUE,OUVERT,2026-06-22T12:37:12.419797,,,544,Panne alimentation sur BTS_3G_OUJDA_084 — secteur Oujda,1,,,
67,INC-202606-0067,91,EQ-04-0091,4,Fès,Fès-Meknès,33.918518,-5.029961,DEGRADATION,Dégradation performances,MAJEUR,OUVERT,2026-06-24T17:13:57.419797,,,203,Dégradation performances sur BTS_3G_FÈS_091 — secteur Fès,2,,,
68,INC-202606-0068,49,EQ-02-0049,2,Rabat-Salé,Rabat-Salé-Kénitra,34.221373,-6.755555,INTERFERENCE,Interférence signal,MINEUR,OUVERT,2026-06-22T12:16:58.419797,,,87,Interférence signal sur BTS_3G_RABAT-SALÉ_049 — secteur Rabat-Salé,3,,,
69,INC-202606-0069,12,EQ-01-0012,1,Grand Casablanca,Casablanca-Settat,33.718056,-7.452392,PANNE_ALIM,Panne alimentation,CRITIQUE,OUVERT,2026-06-27T03:10:05.419797,,,425,Panne alimentation sur BTS_5G_GRAND_CASABLANCA_012 — secteur Grand Casablanca,1,,,
70,INC-202606-0070,3,EQ-10-0003,10,Tétouan,Tanger-Tétouan-Al Hoceima,35.606088,-5.271094,INTERFERENCE,Interférence signal,MINEUR,OUVERT,2026-06-24T17:01:26.419797,,,43,Interférence signal sur BTS_2G_TÉTOUAN_003 — secteur Tétouan,3,,,
71,INC-202606-0071,28,EQ-10-0028,10,Tétouan,Tanger-Tétouan-Al Hoceima,35.462733,-5.380574,INTERFERENCE,Interférence signal,MINEUR,OUVERT,2026-06-26T20:41:49.419797,,,44,Interférence signal sur ANTENNE_TÉTOUAN_028 — secteur Tétouan,3,,,
72,INC-202606-0072,29,EQ-07-0029,7,Meknès,Fès-Meknès,33.859076,-5.569554,ALARME_RESEAU,Alarme réseau détectée,MINEUR,OUVERT,2026-06-22T20:11:28.419797,,,39,Alarme réseau détectée sur SWITCH_MEKNÈS_029 — secteur Meknès,3,,,
73,INC-202606-0073,38,EQ-09-0038,9,Kenitra,Rabat-Salé-Kénitra,34.419262,-6.77456,DEGRADATION,Dégradation performances,MAJEUR,OUVERT,2026-06-27T02:56:08.419797,,,198,Dégradation performances sur BTS_3G_KENITRA_038 — secteur Kenitra,2,,,
74,INC-202606-0074,107,EQ-03-0107,3,Marrakech,Marrakech-Safi,31.588292,-7.895798,PANNE_COMPLETE,Panne totale équipement,CRITIQUE,OUVERT,2026-06-25T01:09:00.419797,,,436,Panne totale équipement sur BTS_2G_MARRAKECH_107 — secteur Marrakech,1,,,
75,INC-202606-0075,17,EQ-07-0017,7,Meknès,Fès-Meknès,33.936693,-5.569092,PANNE_ALIM,Panne alimentation,CRITIQUE,OUVERT,2026-06-22T19:59:22.419797,,,323,Panne alimentation sur OLT_MEKNÈS_017 — secteur Meknès,1,,,
76,INC-202606-0076,24,EQ-04-0024,4,Fès,Fès-Meknès,33.972601,-4.930464,ALARME_RESEAU,Alarme réseau détectée,MINEUR,OUVERT,2026-06-26T06:32:30.419797,,,35,Alarme réseau détectée sur ROUTEUR_FÈS_024 — secteur Fès,3,,,
77,INC-202606-0077,53,EQ-06-0053,6,Agadir,Souss-Massa,30.563942,-9.434107,INTERFERENCE,Interférence signal,MINEUR,OUVERT,2026-06-23T20:14:45.419797,,,76,Interférence signal sur OLT_AGADIR_053 — secteur Agadir,3,,,
78,INC-202606-0078,79,EQ-08-0079,8,Oujda,Oriental,34.903241,-1.896029,SURCHARGE,Surcharge trafic,MAJEUR,OUVERT,2026-06-26T09:49:12.419797,,,104,Surcharge trafic sur BTS_4G_OUJDA_079 — secteur Oujda,2,,,
79,INC-202606-0079,69,EQ-01-0069,1,Grand Casablanca,Casablanca-Settat,33.698515,-7.716448,COUPURE_FIBRE,Coupure fibre optique,CRITIQUE,OUVERT,2026-06-24T17:11:57.419797,,,594,Coupure fibre optique sur BTS_3G_GRAND_CASABLANCA_069 — secteur Grand Casablanca,1,,,
80,INC-202606-0080,101,EQ-01-0101,1,Grand Casablanca,Casablanca-Settat,33.559315,-7.616616,MISE_A_JOUR,Echec mise à jour firmware,MINEUR,OUVERT,2026-06-23T07:34:17.419797,,,107,Echec mise à jour firmware sur ROUTEUR_GRAND_CASABLANCA_101 — secteur Grand Casablanca,3,,,
81,INC-202606-0081,87,EQ-05-0087,5,Tanger,Tanger-Tétouan-Al Hoceima,35.892936,-5.804301,MISE_A_JOUR,Echec mise à jour firmware,MINEUR,OUVERT,2026-06-26T13:32:03.419797,,,158,Echec mise à jour firmware sur BTS_3G_TANGER_087 — secteur Tanger,3,,,
82,INC-202606-0082,37,EQ-01-0037,1,Grand Casablanca,Casablanca-Settat,33.611018,-7.588516,PANNE_ALIM,Panne alimentation,CRITIQUE,OUVERT,2026-06-27T01:32:32.419797,,,510,Panne alimentation sur BTS_2G_GRAND_CASABLANCA_037 — secteur Grand Casablanca,1,,,
83,INC-202606-0083,54,EQ-02-0054,2,Rabat-Salé,Rabat-Salé-Kénitra,34.188543,-6.680072,ALARME_RESEAU,Alarme réseau détectée,MINEUR,OUVERT,2026-06-23T09:13:35.419797,,,107,Alarme réseau détectée sur OLT_RABAT-SALÉ_054 — secteur Rabat-Salé,3,,,
84,INC-202606-0084,18,EQ-02-0018,2,Rabat-Salé,Rabat-Salé-Kénitra,34.14189,-6.913593,SURCHARGE,Surcharge trafic,MAJEUR,OUVERT,2026-06-21T14:15:31.419797,,,168,Surcharge trafic sur ROUTEUR_RABAT-SALÉ_018 — secteur Rabat-Salé,2,,,
85,INC-202606-0085,112,EQ-10-0112,10,Tétouan,Tanger-Tétouan-Al Hoceima,35.753916,-5.262754,INTERFERENCE,Interférence signal,MINEUR,OUVERT,2026-06-27T16:34:55.419797,,,33,Interférence signal sur BTS_2G_TÉTOUAN_112 — secteur Tétouan,3,,,
86,INC-202606-0086,92,EQ-07-0092,7,Meknès,Fès-Meknès,33.681203,-5.396613,DEGRADATION,Dégradation performances,MAJEUR,OUVERT,2026-06-24T10:05:27.419797,,,81,Dégradation performances sur SWITCH_MEKNÈS_092 — secteur Meknès,2,,,
87,INC-202606-0087,98,EQ-09-0098,9,Kenitra,Rabat-Salé-Kénitra,34.122054,-6.47272,ALARME_RESEAU,Alarme réseau détectée,MINEUR,OUVERT,2026-06-24T06:30:59.419797,,,87,Alarme réseau détectée sur BTS_4G_KENITRA_098 — secteur Kenitra,3,,,
88,INC-202606-0088,116,EQ-02-0116,2,Rabat-Salé,Rabat-Salé-Kénitra,33.944235,-6.75436,ALARME_RESEAU,Alarme réseau détectée,MINEUR,OUVERT,2026-06-26T06:29:00.419797,,,41,Alarme réseau détectée sur BTS_4G_RABAT-SALÉ_116 — secteur Rabat-Salé,3,,,
89,INC-202606-0089,117,EQ-09-0117,9,Kenitra,Rabat-Salé-Kénitra,34.240651,-6.663751,COUPURE_FIBRE,Coupure fibre optique,CRITIQUE,OUVERT,2026-06-26T10:27:38.419797,,,358,Coupure fibre optique sur BTS_2G_KENITRA_117 — secteur Kenitra,1,,,
90,INC-202606-0090,120,EQ-05-0120,5,Tanger,Tanger-Tétouan-Al Hoceima,35.931053,-5.840887,PANNE_COMPLETE,Panne totale équipement,CRITIQUE,OUVERT,2026-06-25T23:54:27.419797,,,147,Panne totale équipement sur ANTENNE_TANGER_120 — secteur Tanger,1,,,
91,INC-202606-0091,51,EQ-04-0051,4,Fès,Fès-Meknès,34.093295,-5.073711,INTERFERENCE,Interférence signal,MINEUR,OUVERT,2026-06-23T19:44:08.419797,,,69,Interférence signal sur BTS_5G_FÈS_051 — secteur Fès,3,,,
92,INC-202606-0092,11,EQ-07-0011,7,Meknès,Fès-Meknès,34.114006,-5.491637,INTERFERENCE,Interférence signal,MINEUR,OUVERT,2026-06-23T16:27:42.419797,,,23,Interférence signal sur ROUTEUR_MEKNÈS_011 — secteur Meknès,3,,,
93,INC-202606-0093,41,EQ-07-0041,7,Meknès,Fès-Meknès,33.970838,-5.644791,DEGRADATION,Dégradation performances,MAJEUR,OUVERT,2026-06-25T00:43:14.419797,,,97,Dégradation performances sur BTS_4G_MEKNÈS_041 — secteur Meknès,2,,,
94,INC-202606-0094,18,EQ-02-0018,2,Rabat-Salé,Rabat-Salé-Kénitra,34.14189,-6.913593,PANNE_COMPLETE,Panne totale équipement,CRITIQUE,OUVERT,2026-06-24T10:37:11.419797,,,361,Panne totale équipement sur ROUTEUR_RABAT-SALÉ_018 — secteur Rabat-Salé,1,,,
95,INC-202606-0095,90,EQ-09-0090,9,Kenitra,Rabat-Salé-Kénitra,34.245177,-6.433473,ALARME_RESEAU,Alarme réseau détectée,MINEUR,OUVERT,2026-06-26T15:41:54.419797,,,87,Alarme réseau détectée sur ANTENNE_KENITRA_090 — secteur Kenitra,3,,,
96,INC-202606-0096,79,EQ-08-0079,8,Oujda,Oriental,34.903241,-1.896029,PANNE_COMPLETE,Panne totale équipement,CRITIQUE,OUVERT,2026-06-21T22:08:11.419797,,,129,Panne totale équipement sur BTS_4G_OUJDA_079 — secteur Oujda,1,,,
97,INC-202606-0097,33,EQ-09-0033,9,Kenitra,Rabat-Salé-Kénitra,34.47226,-6.388143,COUPURE_FIBRE,Coupure fibre optique,CRITIQUE,OUVERT,2026-06-22T18:36:39.419797,,,460,Coupure fibre optique sur BTS_2G_KENITRA_033 — secteur Kenitra,1,,,
98,INC-202606-0098,94,EQ-04-0094,4,Fès,Fès-Meknès,33.901594,-5.049949,PANNE_ALIM,Panne alimentation,CRITIQUE,OUVERT,2026-06-22T07:26:44.419797,,,637,Panne alimentation sur BTS_3G_FÈS_094 — secteur Fès,1,,,
99,INC-202606-0099,37,EQ-01-0037,1,Grand Casablanca,Casablanca-Settat,33.611018,-7.588516,COUPURE_FIBRE,Coupure fibre optique,CRITIQUE,OUVERT,2026-06-24T14:46:36.419797,,,242,Coupure fibre optique sur BTS_2G_GRAND_CASABLANCA_037 — secteur Grand Casablanca,1,,,
100,INC-202606-0100,7,EQ-07-0007,7,Meknès,Fès-Meknès,33.916942,-5.40632,COUPURE_FIBRE,Coupure fibre optique,CRITIQUE,OUVERT,2026-06-26T01:20:35.419797,,,507,Coupure fibre optique sur BTS_3G_MEKNÈS_007 — secteur Meknès,1,,,
101,INC-202606-0101,102,EQ-08-0102,8,Oujda,Oriental,34.831797,-1.956126,MISE_A_JOUR,Echec mise à jour firmware,MINEUR,OUVERT,2026-06-21T17:21:15.419797,,,74,Echec mise à jour firmware sur BTS_3G_OUJDA_102 — secteur Oujda,3,,,
102,INC-202606-0102,108,EQ-05-0108,5,Tanger,Tanger-Tétouan-Al Hoceima,35.850936,-5.854707,MISE_A_JOUR,Echec mise à jour firmware,MINEUR,OUVERT,2026-06-27T11:11:50.419797,,,62,Echec mise à jour firmware sur ROUTEUR_TANGER_108 — secteur Tanger,3,,,
103,INC-202606-0103,81,EQ-08-0081,8,Oujda,Oriental,34.613502,-1.740391,COUPURE_FIBRE,Coupure fibre optique,CRITIQUE,OUVERT,2026-06-22T16:52:48.419797,,,329,Coupure fibre optique sur SWITCH_OUJDA_081 — secteur Oujda,1,,,
104,INC-202606-0104,55,EQ-08-0055,8,Oujda,Oriental,34.598948,-1.778361,PANNE_COMPLETE,Panne totale équipement,CRITIQUE,OUVERT,2026-06-25T05:49:31.419797,,,243,Panne totale équipement sur SWITCH_OUJDA_055 — secteur Oujda,1,,,
105,INC-202606-0105,74,EQ-04-0074,4,Fès,Fès-Meknès,34.105465,-4.914818,PANNE_ALIM,Panne alimentation,CRITIQUE,OUVERT,2026-06-23T05:37:09.419797,,,580,Panne alimentation sur OLT_FÈS_074 — secteur Fès,1,,,
106,INC-202606-0106,86,EQ-05-0086,5,Tanger,Tanger-Tétouan-Al Hoceima,35.712948,-5.737147,DEGRADATION,Dégradation performances,MAJEUR,OUVERT,2026-06-27T07:32:10.419797,,,152,Dégradation performances sur OLT_TANGER_086 — secteur Tanger,2,,,
107,INC-202606-0107,9,EQ-07-0009,7,Meknès,Fès-Meknès,33.872514,-5.4042,PANNE_COMPLETE,Panne totale équipement,CRITIQUE,OUVERT,2026-06-25T16:47:17.419797,,,360,Panne totale équipement sur ROUTEUR_MEKNÈS_009 — secteur Meknès,1,,,
108,INC-202606-0108,6,EQ-06-0006,6,Agadir,Souss-Massa,30.566146,-9.494617,PANNE_ALIM,Panne alimentation,CRITIQUE,OUVERT,2026-06-25T11:47:32.419797,,,369,Panne alimentation sur ROUTEUR_AGADIR_006 — secteur Agadir,1,,,
109,INC-202606-0109,96,EQ-05-0096,5,Tanger,Tanger-Tétouan-Al Hoceima,35.747455,-5.820071,PANNE_COMPLETE,Panne totale équipement,CRITIQUE,OUVERT,2026-06-25T07:04:17.419797,,,154,Panne totale équipement sur SWITCH_TANGER_096 — secteur Tanger,1,,,
110,INC-202606-0110,45,EQ-03-0045,3,Marrakech,Marrakech-Safi,31.45627,-8.158111,COUPURE_FIBRE,Coupure fibre optique,CRITIQUE,OUVERT,2026-06-22T05:15:16.419797,,,575,Coupure fibre optique sur ROUTEUR_MARRAKECH_045 — secteur Marrakech,1,,,
111,INC-202606-0111,75,EQ-09-0075,9,Kenitra,Rabat-Salé-Kénitra,34.22306,-6.712257,INTERFERENCE,Interférence signal,MINEUR,OUVERT,2026-06-22T13:55:07.419797,,,25,Interférence signal sur ANTENNE_KENITRA_075 — secteur Kenitra,3,,,
112,INC-202606-0112,46,EQ-10-0046,10,Tétouan,Tanger-Tétouan-Al Hoceima,35.676524,-5.501915,INTERFERENCE,Interférence signal,MINEUR,OUVERT,2026-06-23T02:03:31.419797,,,79,Interférence signal sur BTS_5G_TÉTOUAN_046 — secteur Tétouan,3,,,
113,INC-202606-0113,90,EQ-09-0090,9,Kenitra,Rabat-Salé-Kénitra,34.245177,-6.433473,MISE_A_JOUR,Echec mise à jour firmware,MINEUR,OUVERT,2026-06-23T04:09:09.419797,,,163,Echec mise à jour firmware sur ANTENNE_KENITRA_090 — secteur Kenitra,3,,,
114,INC-202606-0114,18,EQ-02-0018,2,Rabat-Salé,Rabat-Salé-Kénitra,34.14189,-6.913593,DEGRADATION,Dégradation performances,MAJEUR,OUVERT,2026-06-26T12:22:08.419797,,,69,Dégradation performances sur ROUTEUR_RABAT-SALÉ_018 — secteur Rabat-Salé,2,,,
115,INC-202606-0115,38,EQ-09-0038,9,Kenitra,Rabat-Salé-Kénitra,34.419262,-6.77456,COUPURE_FIBRE,Coupure fibre optique,CRITIQUE,OUVERT,2026-06-21T11:49:11.419797,,,585,Coupure fibre optique sur BTS_3G_KENITRA_038 — secteur Kenitra,1,,,
116,INC-202606-0116,26,EQ-01-0026,1,Grand Casablanca,Casablanca-Settat,33.666722,-7.788506,PANNE_COMPLETE,Panne totale équipement,CRITIQUE,OUVERT,2026-06-24T18:59:03.419797,,,278,Panne totale équipement sur BTS_3G_GRAND_CASABLANCA_026 — secteur Grand Casablanca,1,,,
117,INC-202606-0117,66,EQ-05-0066,5,Tanger,Tanger-Tétouan-Al Hoceima,35.576341,-5.630397,PANNE_ALIM,Panne alimentation,CRITIQUE,OUVERT,2026-06-27T13:13:45.419797,,,482,Panne alimentation sur SWITCH_TANGER_066 — secteur Tanger,1,,,
118,INC-202606-0118,33,EQ-09-0033,9,Kenitra,Rabat-Salé-Kénitra,34.47226,-6.388143,PANNE_COMPLETE,Panne totale équipement,CRITIQUE,OUVERT,2026-06-23T06:43:23.419797,,,266,Panne totale équipement sur BTS_2G_KENITRA_033 — secteur Kenitra,1,,,
119,INC-202606-0119,46,EQ-10-0046,10,Tétouan,Tanger-Tétouan-Al Hoceima,35.676524,-5.501915,PANNE_COMPLETE,Panne totale équipement,CRITIQUE,OUVERT,2026-06-24T23:44:25.419797,,,259,Panne totale équipement sur BTS_5G_TÉTOUAN_046 — secteur Tétouan,1,,,
120,INC-202606-0120,16,EQ-01-0016,1,Grand Casablanca,Casablanca-Settat,33.416722,-7.742961,INTERFERENCE,Interférence signal,MINEUR,OUVERT,2026-06-26T06:19:53.419797,,,71,Interférence signal sur BTS_3G_GRAND_CASABLANCA_016 — secteur Grand Casablanca,3,,,
121,INC-202606-0121,96,EQ-05-0096,5,Tanger,Tanger-Tétouan-Al Hoceima,35.747455,-5.820071,MISE_A_JOUR,Echec mise à jour firmware,MINEUR,OUVERT,2026-06-25T15:40:43.419797,,,103,Echec mise à jour firmware sur SWITCH_TANGER_096 — secteur Tanger,3,,,
122,INC-202606-0122,24,EQ-04-0024,4,Fès,Fès-Meknès,33.972601,-4.930464,MISE_A_JOUR,Echec mise à jour firmware,MINEUR,OUVERT,2026-06-26T23:58:28.419797,,,107,Echec mise à jour firmware sur ROUTEUR_FÈS_024 — secteur Fès,3,,,
123,INC-202606-0123,119,EQ-06-0119,6,Agadir,Souss-Massa,30.48429,-9.480987,SURCHARGE,Surcharge trafic,MAJEUR,OUVERT,2026-06-21T23:07:21.419797,,,153,Surcharge trafic sur ANTENNE_AGADIR_119 — secteur Agadir,2,,,
124,INC-202606-0124,11,EQ-07-0011,7,Meknès,Fès-Meknès,34.114006,-5.491637,PANNE_ALIM,Panne alimentation,CRITIQUE,OUVERT,2026-06-23T03:37:19.419797,,,519,Panne alimentation sur ROUTEUR_MEKNÈS_011 — secteur Meknès,1,,,
125,INC-202606-0125,38,EQ-09-0038,9,Kenitra,Rabat-Salé-Kénitra,34.419262,-6.77456,INTERFERENCE,Interférence signal,MINEUR,OUVERT,2026-06-22T04:56:38.419797,,,30,Interférence signal sur BTS_3G_KENITRA_038 — secteur Kenitra,3,,,
126,INC-202606-0126,42,EQ-10-0042,10,Tétouan,Tanger-Tétouan-Al Hoceima,35.386275,-5.49761,SURCHARGE,Surcharge trafic,MAJEUR,OUVERT,2026-06-24T16:20:01.419797,,,159,Surcharge trafic sur BTS_3G_TÉTOUAN_042 — secteur Tétouan,2,,,
127,INC-202606-0127,78,EQ-05-0078,5,Tanger,Tanger-Tétouan-Al Hoceima,35.753032,-5.884064,PANNE_ALIM,Panne alimentation,CRITIQUE,OUVERT,2026-06-22T23:35:56.419797,,,593,Panne alimentation sur OLT_TANGER_078 — secteur Tanger,1,,,
128,INC-202606-0128,57,EQ-09-0057,9,Kenitra,Rabat-Salé-Kénitra,34.341864,-6.425398,INTERFERENCE,Interférence signal,MINEUR,OUVERT,2026-06-26T09:17:46.419797,,,25,Interférence signal sur OLT_KENITRA_057 — secteur Kenitra,3,,,
129,INC-202606-0129,94,EQ-04-0094,4,Fès,Fès-Meknès,33.901594,-5.049949,INTERFERENCE,Interférence signal,MINEUR,OUVERT,2026-06-26T05:44:45.419797,,,55,Interférence signal sur BTS_3G_FÈS_094 — secteur Fès,3,,,
130,INC-202606-0130,82,EQ-02-0082,2,Rabat-Salé,Rabat-Salé-Kénitra,33.804406,-6.823844,PANNE_COMPLETE,Panne totale équipement,CRITIQUE,OUVERT,2026-06-21T20:55:03.419797,,,463,Panne totale équipement sur ANTENNE_RABAT-SALÉ_082 — secteur Rabat-Salé,1,,,
131,INC-202606-0131,82,EQ-02-0082,2,Rabat-Salé,Rabat-Salé-Kénitra,33.804406,-6.823844,PANNE_ALIM,Panne alimentation,CRITIQUE,OUVERT,2026-06-25T08:52:56.419797,,,502,Panne alimentation sur ANTENNE_RABAT-SALÉ_082 — secteur Rabat-Salé,1,,,
132,INC-202606-0132,103,EQ-10-0103,10,Tétouan,Tanger-Tétouan-Al Hoceima,35.391645,-5.481827,ALARME_RESEAU,Alarme réseau détectée,MINEUR,OUVERT,2026-06-21T08:07:50.419797,,,48,Alarme réseau détectée sur ROUTEUR_TÉTOUAN_103 — secteur Tétouan,3,,,
133,INC-202606-0133,109,EQ-10-0109,10,Tétouan,Tanger-Tétouan-Al Hoceima,35.544779,-5.348327,MISE_A_JOUR,Echec mise à jour firmware,MINEUR,OUVERT,2026-06-21T09:11:46.419797,,,76,Echec mise à jour firmware sur BTS_5G_TÉTOUAN_109 — secteur Tétouan,3,,,
134,INC-202606-0134,9,EQ-07-0009,7,Meknès,Fès-Meknès,33.872514,-5.4042,COUPURE_FIBRE,Coupure fibre optique,CRITIQUE,OUVERT,2026-06-25T09:45:40.419797,,,365,Coupure fibre optique sur ROUTEUR_MEKNÈS_009 — secteur Meknès,1,,,
135,INC-202606-0135,50,EQ-10-0050,10,Tétouan,Tanger-Tétouan-Al Hoceima,35.546872,-5.574783,PANNE_COMPLETE,Panne totale équipement,CRITIQUE,OUVERT,2026-06-22T19:45:08.419797,,,467,Panne totale équipement sur BTS_4G_TÉTOUAN_050 — secteur Tétouan,1,,,
136,INC-202606-0136,58,EQ-05-0058,5,Tanger,Tanger-Tétouan-Al Hoceima,35.795802,-5.616184,INTERFERENCE,Interférence signal,MINEUR,OUVERT,2026-06-25T11:25:01.419797,,,76,Interférence signal sur BTS_4G_TANGER_058 — secteur Tanger,3,,,
137,INC-202606-0137,98,EQ-09-0098,9,Kenitra,Rabat-Salé-Kénitra,34.122054,-6.47272,DEGRADATION,Dégradation performances,MAJEUR,OUVERT,2026-06-27T22:13:37.419797,,,95,Dégradation performances sur BTS_4G_KENITRA_098 — secteur Kenitra,2,,,
138,INC-202606-0138,68,EQ-10-0068,10,Tétouan,Tanger-Tétouan-Al Hoceima,35.676854,-5.420662,INTERFERENCE,Interférence signal,MINEUR,OUVERT,2026-06-25T18:59:45.419797,,,60,Interférence signal sur BTS_5G_TÉTOUAN_068 — secteur Tétouan,3,,,
139,INC-202606-0139,84,EQ-08-0084,8,Oujda,Oriental,34.715515,-2.038443,SURCHARGE,Surcharge trafic,MAJEUR,OUVERT,2026-06-23T23:45:53.419797,,,74,Surcharge trafic sur BTS_3G_OUJDA_084 — secteur Oujda,2,,,
140,INC-202606-0140,4,EQ-10-0004,10,Tétouan,Tanger-Tétouan-Al Hoceima,35.717883,-5.590698,ALARME_RESEAU,Alarme réseau détectée,MINEUR,OUVERT,2026-06-27T00:25:02.419797,,,96,Alarme réseau détectée sur ROUTEUR_TÉTOUAN_004 — secteur Tétouan,3,,,
141,INC-202606-0141,50,EQ-10-0050,10,Tétouan,Tanger-Tétouan-Al Hoceima,35.546872,-5.574783,DEGRADATION,Dégradation performances,MAJEUR,OUVERT,2026-06-24T03:18:29.419797,,,126,Dégradation performances sur BTS_4G_TÉTOUAN_050 — secteur Tétouan,2,,,
142,INC-202606-0142,91,EQ-04-0091,4,Fès,Fès-Meknès,33.918518,-5.029961,MISE_A_JOUR,Echec mise à jour firmware,MINEUR,OUVERT,2026-06-23T13:33:30.419797,,,138,Echec mise à jour firmware sur BTS_3G_FÈS_091 — secteur Fès,3,,,
143,INC-202606-0143,37,EQ-01-0037,1,Grand Casablanca,Casablanca-Settat,33.611018,-7.588516,MISE_A_JOUR,Echec mise à jour firmware,MINEUR,OUVERT,2026-06-23T09:21:59.419797,,,75,Echec mise à jour firmware sur BTS_2G_GRAND_CASABLANCA_037 — secteur Grand Casablanca,3,,,
144,INC-202606-0144,18,EQ-02-0018,2,Rabat-Salé,Rabat-Salé-Kénitra,34.14189,-6.913593,DEGRADATION,Dégradation performances,MAJEUR,OUVERT,2026-06-26T10:43:38.419797,,,104,Dégradation performances sur ROUTEUR_RABAT-SALÉ_018 — secteur Rabat-Salé,2,,,
145,INC-202606-0145,116,EQ-02-0116,2,Rabat-Salé,Rabat-Salé-Kénitra,33.944235,-6.75436,MISE_A_JOUR,Echec mise à jour firmware,MINEUR,OUVERT,2026-06-22T00:37:52.419797,,,163,Echec mise à jour firmware sur BTS_4G_RABAT-SALÉ_116 — secteur Rabat-Salé,3,,,
146,INC-202606-0146,88,EQ-06-0088,6,Agadir,Souss-Massa,30.430485,-9.669617,INTERFERENCE,Interférence signal,MINEUR,OUVERT,2026-06-25T04:15:18.419797,,,28,Interférence signal sur BTS_3G_AGADIR_088 — secteur Agadir,3,,,
147,INC-202606-0147,71,EQ-08-0071,8,Oujda,Oriental,34.835605,-1.889836,SURCHARGE,Surcharge trafic,MAJEUR,OUVERT,2026-06-24T14:25:44.419797,,,85,Surcharge trafic sur OLT_OUJDA_071 — secteur Oujda,2,,,
148,INC-202606-0148,92,EQ-07-0092,7,Meknès,Fès-Meknès,33.681203,-5.396613,ALARME_RESEAU,Alarme réseau détectée,MINEUR,OUVERT,2026-06-25T08:21:09.419797,,,95,Alarme réseau détectée sur SWITCH_MEKNÈS_092 — secteur Meknès,3,,,
149,INC-202606-0149,29,EQ-07-0029,7,Meknès,Fès-Meknès,33.859076,-5.569554,DEGRADATION,Dégradation performances,MAJEUR,OUVERT,2026-06-23T09:36:00.419797,,,95,Dégradation performances sur SWITCH_MEKNÈS_029 — secteur Meknès,2,,,
150,INC-202606-0150,31,EQ-09-0031,9,Kenitra,Rabat-Salé-Kénitra,34.09892,-6.722773,MISE_A_JOUR,Echec mise à jour firmware,MINEUR,OUVERT,2026-06-21T06:42:57.419797,,,106,Echec mise à jour firmware sur ANTENNE_KENITRA_031 — secteur Kenitra,3,,,
151,INC-202606-0151,71,EQ-08-0071,8,Oujda,Oriental,34.835605,-1.889836,INTERFERENCE,Interférence signal,MINEUR,OUVERT,2026-06-26T15:12:07.419797,,,90,Interférence signal sur OLT_OUJDA_071 — secteur Oujda,3,,,
152,INC-202606-0152,17,EQ-07-0017,7,Meknès,Fès-Meknès,33.936693,-5.569092,DEGRADATION,Dégradation performances,MAJEUR,OUVERT,2026-06-21T18:12:38.419797,,,139,Dégradation performances sur OLT_MEKNÈS_017 — secteur Meknès,2,,,
153,INC-202606-0153,51,EQ-04-0051,4,Fès,Fès-Meknès,34.093295,-5.073711,MISE_A_JOUR,Echec mise à jour firmware,MINEUR,OUVERT,2026-06-27T08:10:48.419797,,,112,Echec mise à jour firmware sur BTS_5G_FÈS_051 — secteur Fès,3,,,
154,INC-202606-0154,99,EQ-04-0099,4,Fès,Fès-Meknès,33.895345,-5.152196,PANNE_ALIM,Panne alimentation,CRITIQUE,OUVERT,2026-06-27T22:30:43.419797,,,277,Panne alimentation sur ROUTEUR_FÈS_099 — secteur Fès,1,,,
155,INC-202606-0155,17,EQ-07-0017,7,Meknès,Fès-Meknès,33.936693,-5.569092,INTERFERENCE,Interférence signal,MINEUR,OUVERT,2026-06-21T20:39:44.419797,,,77,Interférence signal sur OLT_MEKNÈS_017 — secteur Meknès,3,,,
156,INC-202606-0156,60,EQ-04-0060,4,Fès,Fès-Meknès,33.812869,-5.036603,INTERFERENCE,Interférence signal,MINEUR,OUVERT,2026-06-22T12:26:25.419797,,,90,Interférence signal sur ROUTEUR_FÈS_060 — secteur Fès,3,,,
157,INC-202606-0157,82,EQ-02-0082,2,Rabat-Salé,Rabat-Salé-Kénitra,33.804406,-6.823844,ALARME_RESEAU,Alarme réseau détectée,MINEUR,OUVERT,2026-06-22T12:38:37.419797,,,85,Alarme réseau détectée sur ANTENNE_RABAT-SALÉ_082 — secteur Rabat-Salé,3,,,
158,INC-202606-0158,65,EQ-04-0065,4,Fès,Fès-Meknès,34.150413,-4.800668,PANNE_COMPLETE,Panne totale équipement,CRITIQUE,OUVERT,2026-06-22T11:13:29.419797,,,385,Panne totale équipement sur ANTENNE_FÈS_065 — secteur Fès,1,,,
159,INC-202606-0159,20,EQ-05-0020,5,Tanger,Tanger-Tétouan-Al Hoceima,35.603121,-5.715752,SURCHARGE,Surcharge trafic,MAJEUR,OUVERT,2026-06-22T23:01:12.419797,,,86,Surcharge trafic sur BTS_5G_TANGER_020 — secteur Tanger,2,,,
160,INC-202606-0160,42,EQ-10-0042,10,Tétouan,Tanger-Tétouan-Al Hoceima,35.386275,-5.49761,COUPURE_FIBRE,Coupure fibre optique,CRITIQUE,OUVERT,2026-06-25T03:50:48.419797,,,445,Coupure fibre optique sur BTS_3G_TÉTOUAN_042 — secteur Tétouan,1,,,
161,INC-202606-0161,115,EQ-07-0115,7,Meknès,Fès-Meknès,34.104786,-5.568209,SURCHARGE,Surcharge trafic,MAJEUR,OUVERT,2026-06-21T22:01:47.419797,,,109,Surcharge trafic sur ANTENNE_MEKNÈS_115 — secteur Meknès,2,,,
162,INC-202606-0162,26,EQ-01-0026,1,Grand Casablanca,Casablanca-Settat,33.666722,-7.788506,SURCHARGE,Surcharge trafic,MAJEUR,OUVERT,2026-06-22T11:31:07.419797,,,122,Surcharge trafic sur BTS_3G_GRAND_CASABLANCA_026 — secteur Grand Casablanca,2,,,
163,INC-202606-0163,79,EQ-08-0079,8,Oujda,Oriental,34.903241,-1.896029,DEGRADATION,Dégradation performances,MAJEUR,OUVERT,2026-06-27T01:26:43.419797,,,224,Dégradation performances sur BTS_4G_OUJDA_079 — secteur Oujda,2,,,
164,INC-202606-0164,22,EQ-10-0022,10,Tétouan,Tanger-Tétouan-Al Hoceima,35.391857,-5.374711,ALARME_RESEAU,Alarme réseau détectée,MINEUR,OUVERT,2026-06-23T00:55:33.419797,,,114,Alarme réseau détectée sur BTS_3G_TÉTOUAN_022 — secteur Tétouan,3,,,
165,INC-202606-0165,80,EQ-07-0080,7,Meknès,Fès-Meknès,34.058748,-5.698065,INTERFERENCE,Interférence signal,MINEUR,OUVERT,2026-06-27T19:13:33.419797,,,25,Interférence signal sur BTS_4G_MEKNÈS_080 — secteur Meknès,3,,,
166,INC-202606-0166,106,EQ-04-0106,4,Fès,Fès-Meknès,33.912085,-5.196454,PANNE_COMPLETE,Panne totale équipement,CRITIQUE,OUVERT,2026-06-21T22:43:05.419797,,,143,Panne totale équipement sur BTS_5G_FÈS_106 — secteur Fès,1,,,
167,INC-202606-0167,83,EQ-01-0083,1,Grand Casablanca,Casablanca-Settat,33.775628,-7.725223,SURCHARGE,Surcharge trafic,MAJEUR,OUVERT,2026-06-23T12:27:45.419797,,,151,Surcharge trafic sur BTS_2G_GRAND_CASABLANCA_083 — secteur Grand Casablanca,2,,,
168,INC-202606-0168,80,EQ-07-0080,7,Meknès,Fès-Meknès,34.058748,-5.698065,PANNE_COMPLETE,Panne totale équipement,CRITIQUE,OUVERT,2026-06-27T00:07:27.419797,,,441,Panne totale équipement sur BTS_4G_MEKNÈS_080 — secteur Meknès,1,,,
169,INC-202606-0169,70,EQ-04-0070,4,Fès,Fès-Meknès,33.998488,-4.872027,SURCHARGE,Surcharge trafic,MAJEUR,OUVERT,2026-06-24T15:03:05.419797,,,168,Surcharge trafic sur BTS_3G_FÈS_070 — secteur Fès,2,,,
170,INC-202606-0170,32,EQ-02-0032,2,Rabat-Salé,Rabat-Salé-Kénitra,34.159649,-6.681255,PANNE_ALIM,Panne alimentation,CRITIQUE,OUVERT,2026-06-24T13:41:39.419797,,,472,Panne alimentation sur ANTENNE_RABAT-SALÉ_032 — secteur Rabat-Salé,1,,,
171,INC-202606-0171,10,EQ-05-0010,5,Tanger,Tanger-Tétouan-Al Hoceima,35.808658,-5.982136,PANNE_COMPLETE,Panne totale équipement,CRITIQUE,OUVERT,2026-06-22T21:06:16.419797,,,345,Panne totale équipement sur BTS_3G_TANGER_010 — secteur Tanger,1,,,
172,INC-202606-0172,54,EQ-02-0054,2,Rabat-Salé,Rabat-Salé-Kénitra,34.188543,-6.680072,MISE_A_JOUR,Echec mise à jour firmware,MINEUR,OUVERT,2026-06-26T14:20:19.419797,,,86,Echec mise à jour firmware sur OLT_RABAT-SALÉ_054 — secteur Rabat-Salé,3,,,
173,INC-202606-0173,44,EQ-09-0044,9,Kenitra,Rabat-Salé-Kénitra,34.336614,-6.555604,ALARME_RESEAU,Alarme réseau détectée,MINEUR,OUVERT,2026-06-24T18:06:23.419797,,,70,Alarme réseau détectée sur BTS_2G_KENITRA_044 — secteur Kenitra,3,,,
174,INC-202606-0174,94,EQ-04-0094,4,Fès,Fès-Meknès,33.901594,-5.049949,INTERFERENCE,Interférence signal,MINEUR,OUVERT,2026-06-25T19:11:41.419797,,,36,Interférence signal sur BTS_3G_FÈS_094 — secteur Fès,3,,,
175,INC-202606-0175,98,EQ-09-0098,9,Kenitra,Rabat-Salé-Kénitra,34.122054,-6.47272,INTERFERENCE,Interférence signal,MINEUR,OUVERT,2026-06-27T05:03:32.419797,,,33,Interférence signal sur BTS_4G_KENITRA_098 — secteur Kenitra,3,,,
176,INC-202606-0176,41,EQ-07-0041,7,Meknès,Fès-Meknès,33.970838,-5.644791,COUPURE_FIBRE,Coupure fibre optique,CRITIQUE,OUVERT,2026-06-26T14:55:48.419797,,,242,Coupure fibre optique sur BTS_4G_MEKNÈS_041 — secteur Meknès,1,,,
177,INC-202606-0177,35,EQ-07-0035,7,Meknès,Fès-Meknès,34.085625,-5.426263,MISE_A_JOUR,Echec mise à jour firmware,MINEUR,OUVERT,2026-06-23T23:16:18.419797,,,78,Echec mise à jour firmware sur ROUTEUR_MEKNÈS_035 — secteur Meknès,3,,,
178,INC-202606-0178,13,EQ-10-0013,10,Tétouan,Tanger-Tétouan-Al Hoceima,35.449052,-5.368746,PANNE_COMPLETE,Panne totale équipement,CRITIQUE,OUVERT,2026-06-24T11:35:26.419797,,,316,Panne totale équipement sur SWITCH_TÉTOUAN_013 — secteur Tétouan,1,,,
179,INC-202606-0179,111,EQ-08-0111,8,Oujda,Oriental,34.77667,-1.711996,PANNE_ALIM,Panne alimentation,CRITIQUE,OUVERT,2026-06-23T23:22:27.419797,,,683,Panne alimentation sur ROUTEUR_OUJDA_111 — secteur Oujda,1,,,
180,INC-202606-0180,116,EQ-02-0116,2,Rabat-Salé,Rabat-Salé-Kénitra,33.944235,-6.75436,ALARME_RESEAU,Alarme réseau détectée,MINEUR,OUVERT,2026-06-24T22:25:58.419797,,,103,Alarme réseau détectée sur BTS_4G_RABAT-SALÉ_116 — secteur Rabat-Salé,3,,,
181,INC-202606-0181,93,EQ-05-0093,5,Tanger,Tanger-Tétouan-Al Hoceima,35.660247,-5.790687,INTERFERENCE,Interférence signal,MINEUR,OUVERT,2026-06-23T06:21:12.419797,,,40,Interférence signal sur SWITCH_TANGER_093 — secteur Tanger,3,,,
182,INC-202606-0182,64,EQ-04-0064,4,Fès,Fès-Meknès,34.14682,-4.959754,MISE_A_JOUR,Echec mise à jour firmware,MINEUR,OUVERT,2026-06-27T00:20:04.419797,,,172,Echec mise à jour firmware sur OLT_FÈS_064 — secteur Fès,3,,,
183,INC-202606-0183,40,EQ-10-0040,10,Tétouan,Tanger-Tétouan-Al Hoceima,35.774314,-5.501617,MISE_A_JOUR,Echec mise à jour firmware,MINEUR,OUVERT,2026-06-21T05:48:39.419797,,,71,Echec mise à jour firmware sur SWITCH_TÉTOUAN_040 — secteur Tétouan,3,,,
184,INC-202606-0184,51,EQ-04-0051,4,Fès,Fès-Meknès,34.093295,-5.073711,MISE_A_JOUR,Echec mise à jour firmware,MINEUR,OUVERT,2026-06-23T21:10:39.419797,,,87,Echec mise à jour firmware sur BTS_5G_FÈS_051 — secteur Fès,3,,,
185,INC-202606-0185,75,EQ-09-0075,9,Kenitra,Rabat-Salé-Kénitra,34.22306,-6.712257,INTERFERENCE,Interférence signal,MINEUR,OUVERT,2026-06-21T13:13:58.419797,,,26,Interférence signal sur ANTENNE_KENITRA_075 — secteur Kenitra,3,,,
186,INC-202606-0186,37,EQ-01-0037,1,Grand Casablanca,Casablanca-Settat,33.611018,-7.588516,MISE_A_JOUR,Echec mise à jour firmware,MINEUR,OUVERT,2026-06-26T16:07:43.419797,,,96,Echec mise à jour firmware sur BTS_2G_GRAND_CASABLANCA_037 — secteur Grand Casablanca,3,,,
187,INC-202606-0187,69,EQ-01-0069,1,Grand Casablanca,Casablanca-Settat,33.698515,-7.716448,PANNE_COMPLETE,Panne totale équipement,CRITIQUE,OUVERT,2026-06-22T06:22:15.419797,,,340,Panne totale équipement sur BTS_3G_GRAND_CASABLANCA_069 — secteur Grand Casablanca,1,,,
188,INC-202606-0188,18,EQ-02-0018,2,Rabat-Salé,Rabat-Salé-Kénitra,34.14189,-6.913593,SURCHARGE,Surcharge trafic,MAJEUR,OUVERT,2026-06-25T09:36:02.419797,,,148,Surcharge trafic sur ROUTEUR_RABAT-SALÉ_018 — secteur Rabat-Salé,2,,,
189,INC-202606-0189,47,EQ-05-0047,5,Tanger,Tanger-Tétouan-Al Hoceima,35.575851,-5.868425,PANNE_COMPLETE,Panne totale équipement,CRITIQUE,OUVERT,2026-06-25T19:44:17.419797,,,146,Panne totale équipement sur BTS_2G_TANGER_047 — secteur Tanger,1,,,
190,INC-202606-0190,73,EQ-02-0073,2,Rabat-Salé,Rabat-Salé-Kénitra,33.901303,-6.915543,COUPURE_FIBRE,Coupure fibre optique,CRITIQUE,OUVERT,2026-06-25T08:39:10.419797,,,463,Coupure fibre optique sur ROUTEUR_RABAT-SALÉ_073 — secteur Rabat-Salé,1,,,
191,INC-202606-0191,37,EQ-01-0037,1,Grand Casablanca,Casablanca-Settat,33.611018,-7.588516,DEGRADATION,Dégradation performances,MAJEUR,OUVERT,2026-06-25T15:35:33.419797,,,189,Dégradation performances sur BTS_2G_GRAND_CASABLANCA_037 — secteur Grand Casablanca,2,,,
192,INC-202606-0192,58,EQ-05-0058,5,Tanger,Tanger-Tétouan-Al Hoceima,35.795802,-5.616184,SURCHARGE,Surcharge trafic,MAJEUR,OUVERT,2026-06-22T09:39:59.419797,,,77,Surcharge trafic sur BTS_4G_TANGER_058 — secteur Tanger,2,,,
193,INC-202606-0193,13,EQ-10-0013,10,Tétouan,Tanger-Tétouan-Al Hoceima,35.449052,-5.368746,PANNE_ALIM,Panne alimentation,CRITIQUE,OUVERT,2026-06-25T11:45:43.419797,,,646,Panne alimentation sur SWITCH_TÉTOUAN_013 — secteur Tétouan,1,,,
194,INC-202606-0194,44,EQ-09-0044,9,Kenitra,Rabat-Salé-Kénitra,34.336614,-6.555604,INTERFERENCE,Interférence signal,MINEUR,OUVERT,2026-06-22T17:04:52.419797,,,45,Interférence signal sur BTS_2G_KENITRA_044 — secteur Kenitra,3,,,
195,INC-202606-0195,78,EQ-05-0078,5,Tanger,Tanger-Tétouan-Al Hoceima,35.753032,-5.884064,PANNE_ALIM,Panne alimentation,CRITIQUE,OUVERT,2026-06-27T00:43:06.419797,,,260,Panne alimentation sur OLT_TANGER_078 — secteur Tanger,1,,,
196,INC-202606-0196,6,EQ-06-0006,6,Agadir,Souss-Massa,30.566146,-9.494617,PANNE_COMPLETE,Panne totale équipement,CRITIQUE,OUVERT,2026-06-22T14:58:30.419797,,,290,Panne totale équipement sur ROUTEUR_AGADIR_006 — secteur Agadir,1,,,
197,INC-202606-0197,103,EQ-10-0103,10,Tétouan,Tanger-Tétouan-Al Hoceima,35.391645,-5.481827,MISE_A_JOUR,Echec mise à jour firmware,MINEUR,OUVERT,2026-06-27T06:19:36.419797,,,118,Echec mise à jour firmware sur ROUTEUR_TÉTOUAN_103 — secteur Tétouan,3,,,
198,INC-202606-0198,20,EQ-05-0020,5,Tanger,Tanger-Tétouan-Al Hoceima,35.603121,-5.715752,ALARME_RESEAU,Alarme réseau détectée,MINEUR,OUVERT,2026-06-24T22:35:14.419797,,,108,Alarme réseau détectée sur BTS_5G_TANGER_020 — secteur Tanger,3,,,
199,INC-202606-0199,41,EQ-07-0041,7,Meknès,Fès-Meknès,33.970838,-5.644791,ALARME_RESEAU,Alarme réseau détectée,MINEUR,OUVERT,2026-06-25T17:30:59.419797,,,108,Alarme réseau détectée sur BTS_4G_MEKNÈS_041 — secteur Meknès,3,,,
200,INC-202606-0200,95,EQ-08-0095,8,Oujda,Oriental,34.818652,-2.094709,SURCHARGE,Surcharge trafic,MAJEUR,OUVERT,2026-06-25T01:02:10.419797,,,174,Surcharge trafic sur ANTENNE_OUJDA_095 — secteur Oujda,2,,,
201,INC-202606-0201,107,EQ-03-0107,3,Marrakech,Marrakech-Safi,31.588292,-7.895798,MISE_A_JOUR,Echec mise à jour firmware,MINEUR,OUVERT,2026-06-27T19:01:25.419797,,,98,Echec mise à jour firmware sur BTS_2G_MARRAKECH_107 — secteur Marrakech,3,,,
202,INC-202606-0202,61,EQ-02-0061,2,Rabat-Salé,Rabat-Salé-Kénitra,34.076375,-6.768002,PANNE_COMPLETE,Panne totale équipement,CRITIQUE,OUVERT,2026-06-25T10:21:08.419797,,,289,Panne totale équipement sur SWITCH_RABAT-SALÉ_061 — secteur Rabat-Salé,1,,,
203,INC-202606-0203,87,EQ-05-0087,5,Tanger,Tanger-Tétouan-Al Hoceima,35.892936,-5.804301,DEGRADATION,Dégradation performances,MAJEUR,OUVERT,2026-06-26T00:23:11.419797,,,209,Dégradation performances sur BTS_3G_TANGER_087 — secteur Tanger,2,,,
204,INC-202606-0204,40,EQ-10-0040,10,Tétouan,Tanger-Tétouan-Al Hoceima,35.774314,-5.501617,PANNE_COMPLETE,Panne totale équipement,CRITIQUE,OUVERT,2026-06-26T17:17:40.419797,,,255,Panne totale équipement sur SWITCH_TÉTOUAN_040 — secteur Tétouan,1,,,
205,INC-202606-0205,84,EQ-08-0084,8,Oujda,Oriental,34.715515,-2.038443,COUPURE_FIBRE,Coupure fibre optique,CRITIQUE,OUVERT,2026-06-21T14:01:06.419797,,,478,Coupure fibre optique sur BTS_3G_OUJDA_084 — secteur Oujda,1,,,
206,INC-202606-0206,62,EQ-07-0062,7,Meknès,Fès-Meknès,33.849536,-5.646747,ALARME_RESEAU,Alarme réseau détectée,MINEUR,OUVERT,2026-06-27T07:45:14.419797,,,110,Alarme réseau détectée sur SWITCH_MEKNÈS_062 — secteur Meknès,3,,,
207,INC-202606-0207,93,EQ-05-0093,5,Tanger,Tanger-Tétouan-Al Hoceima,35.660247,-5.790687,PANNE_ALIM,Panne alimentation,CRITIQUE,OUVERT,2026-06-22T18:06:11.419797,,,660,Panne alimentation sur SWITCH_TANGER_093 — secteur Tanger,1,,,
208,INC-202606-0208,88,EQ-06-0088,6,Agadir,Souss-Massa,30.430485,-9.669617,COUPURE_FIBRE,Coupure fibre optique,CRITIQUE,OUVERT,2026-06-21T08:15:21.419797,,,473,Coupure fibre optique sur BTS_3G_AGADIR_088 — secteur Agadir,1,,,
209,INC-202606-0209,90,EQ-09-0090,9,Kenitra,Rabat-Salé-Kénitra,34.245177,-6.433473,DEGRADATION,Dégradation performances,MAJEUR,OUVERT,2026-06-23T06:37:48.419797,,,64,Dégradation performances sur ANTENNE_KENITRA_090 — secteur Kenitra,2,,,
210,INC-202606-0210,57,EQ-09-0057,9,Kenitra,Rabat-Salé-Kénitra,34.341864,-6.425398,INTERFERENCE,Interférence signal,MINEUR,OUVERT,2026-06-26T01:02:19.419797,,,39,Interférence signal sur OLT_KENITRA_057 — secteur Kenitra,3,,,
211,INC-202606-0211,53,EQ-06-0053,6,Agadir,Souss-Massa,30.563942,-9.434107,COUPURE_FIBRE,Coupure fibre optique,CRITIQUE,OUVERT,2026-06-25T22:35:28.419797,,,436,Coupure fibre optique sur OLT_AGADIR_053 — secteur Agadir,1,,,
212,INC-202606-0212,100,EQ-01-0100,1,Grand Casablanca,Casablanca-Settat,33.662027,-7.758143,MISE_A_JOUR,Echec mise à jour firmware,MINEUR,OUVERT,2026-06-21T17:12:03.419797,,,150,Echec mise à jour firmware sur ROUTEUR_GRAND_CASABLANCA_100 — secteur Grand Casablanca,3,,,
213,INC-202606-0213,18,EQ-02-0018,2,Rabat-Salé,Rabat-Salé-Kénitra,34.14189,-6.913593,COUPURE_FIBRE,Coupure fibre optique,CRITIQUE,OUVERT,2026-06-27T18:25:49.419797,,,346,Coupure fibre optique sur ROUTEUR_RABAT-SALÉ_018 — secteur Rabat-Salé,1,,,
214,INC-202606-0214,85,EQ-03-0085,3,Marrakech,Marrakech-Safi,31.754631,-8.132557,MISE_A_JOUR,Echec mise à jour firmware,MINEUR,OUVERT,2026-06-27T08:06:59.419797,,,108,Echec mise à jour firmware sur BTS_3G_MARRAKECH_085 — secteur Marrakech,3,,,
215,INC-202606-0215,41,EQ-07-0041,7,Meknès,Fès-Meknès,33.970838,-5.644791,ALARME_RESEAU,Alarme réseau détectée,MINEUR,OUVERT,2026-06-26T12:56:49.419797,,,98,Alarme réseau détectée sur BTS_4G_MEKNÈS_041 — secteur Meknès,3,,,
216,INC-202606-0216,44,EQ-09-0044,9,Kenitra,Rabat-Salé-Kénitra,34.336614,-6.555604,INTERFERENCE,Interférence signal,MINEUR,OUVERT,2026-06-24T04:03:40.419797,,,81,Interférence signal sur BTS_2G_KENITRA_044 — secteur Kenitra,3,,,
217,INC-202606-0217,25,EQ-08-0025,8,Oujda,Oriental,34.573144,-2.107785,COUPURE_FIBRE,Coupure fibre optique,CRITIQUE,OUVERT,2026-06-24T08:19:36.419797,,,465,Coupure fibre optique sur BTS_3G_OUJDA_025 — secteur Oujda,1,,,
218,INC-202606-0218,39,EQ-10-0039,10,Tétouan,Tanger-Tétouan-Al Hoceima,35.614049,-5.575724,COUPURE_FIBRE,Coupure fibre optique,CRITIQUE,OUVERT,2026-06-24T13:44:48.419797,,,574,Coupure fibre optique sur BTS_5G_TÉTOUAN_039 — secteur Tétouan,1,,,
219,INC-202606-0219,37,EQ-01-0037,1,Grand Casablanca,Casablanca-Settat,33.611018,-7.588516,COUPURE_FIBRE,Coupure fibre optique,CRITIQUE,OUVERT,2026-06-26T21:29:33.419797,,,342,Coupure fibre optique sur BTS_2G_GRAND_CASABLANCA_037 — secteur Grand Casablanca,1,,,
220,INC-202606-0220,62,EQ-07-0062,7,Meknès,Fès-Meknès,33.849536,-5.646747,INTERFERENCE,Interférence signal,MINEUR,OUVERT,2026-06-27T18:18:50.419797,,,55,Interférence signal sur SWITCH_MEKNÈS_062 — secteur Meknès,3,,,
221,INC-202606-0221,37,EQ-01-0037,1,Grand Casablanca,Casablanca-Settat,33.611018,-7.588516,DEGRADATION,Dégradation performances,MAJEUR,OUVERT,2026-06-27T22:05:51.419797,,,233,Dégradation performances sur BTS_2G_GRAND_CASABLANCA_037 — secteur Grand Casablanca,2,,,
222,INC-202606-0222,70,EQ-04-0070,4,Fès,Fès-Meknès,33.998488,-4.872027,PANNE_ALIM,Panne alimentation,CRITIQUE,OUVERT,2026-06-25T17:58:34.419797,,,659,Panne alimentation sur BTS_3G_FÈS_070 — secteur Fès,1,,,
223,INC-202606-0223,45,EQ-03-0045,3,Marrakech,Marrakech-Safi,31.45627,-8.158111,ALARME_RESEAU,Alarme réseau détectée,MINEUR,OUVERT,2026-06-24T11:39:38.419797,,,35,Alarme réseau détectée sur ROUTEUR_MARRAKECH_045 — secteur Marrakech,3,,,
224,INC-202606-0224,37,EQ-01-0037,1,Grand Casablanca,Casablanca-Settat,33.611018,-7.588516,DEGRADATION,Dégradation performances,MAJEUR,OUVERT,2026-06-25T03:56:45.419797,,,173,Dégradation performances sur BTS_2G_GRAND_CASABLANCA_037 — secteur Grand Casablanca,2,,,
225,INC-202606-0225,84,EQ-08-0084,8,Oujda,Oriental,34.715515,-2.038443,SURCHARGE,Surcharge trafic,MAJEUR,OUVERT,2026-06-26T18:36:08.419797,,,99,Surcharge trafic sur BTS_3G_OUJDA_084 — secteur Oujda,2,,,
226,INC-202606-0226,26,EQ-01-0026,1,Grand Casablanca,Casablanca-Settat,33.666722,-7.788506,SURCHARGE,Surcharge trafic,MAJEUR,OUVERT,2026-06-27T18:45:35.419797,,,114,Surcharge trafic sur BTS_3G_GRAND_CASABLANCA_026 — secteur Grand Casablanca,2,,,
227,INC-202606-0227,18,EQ-02-0018,2,Rabat-Salé,Rabat-Salé-Kénitra,34.14189,-6.913593,DEGRADATION,Dégradation performances,MAJEUR,OUVERT,2026-06-23T20:45:22.419797,,,122,Dégradation performances sur ROUTEUR_RABAT-SALÉ_018 — secteur Rabat-Salé,2,,,
228,INC-202606-0228,7,EQ-07-0007,7,Meknès,Fès-Meknès,33.916942,-5.40632,COUPURE_FIBRE,Coupure fibre optique,CRITIQUE,OUVERT,2026-06-23T18:52:43.419797,,,206,Coupure fibre optique sur BTS_3G_MEKNÈS_007 — secteur Meknès,1,,,
229,INC-202606-0229,13,EQ-10-0013,10,Tétouan,Tanger-Tétouan-Al Hoceima,35.449052,-5.368746,PANNE_ALIM,Panne alimentation,CRITIQUE,OUVERT,2026-06-24T23:15:54.419797,,,607,Panne alimentation sur SWITCH_TÉTOUAN_013 — secteur Tétouan,1,,,
230,INC-202606-0230,61,EQ-02-0061,2,Rabat-Salé,Rabat-Salé-Kénitra,34.076375,-6.768002,DEGRADATION,Dégradation performances,MAJEUR,OUVERT,2026-06-22T15:06:01.419797,,,61,Dégradation performances sur SWITCH_RABAT-SALÉ_061 — secteur Rabat-Salé,2,,,
231,INC-202606-0231,71,EQ-08-0071,8,Oujda,Oriental,34.835605,-1.889836,ALARME_RESEAU,Alarme réseau détectée,MINEUR,OUVERT,2026-06-25T21:34:50.419797,,,113,Alarme réseau détectée sur OLT_OUJDA_071 — secteur Oujda,3,,,
232,INC-202606-0232,120,EQ-05-0120,5,Tanger,Tanger-Tétouan-Al Hoceima,35.931053,-5.840887,MISE_A_JOUR,Echec mise à jour firmware,MINEUR,OUVERT,2026-06-26T18:07:38.419797,,,143,Echec mise à jour firmware sur ANTENNE_TANGER_120 — secteur Tanger,3,,,
233,INC-202606-0233,26,EQ-01-0026,1,Grand Casablanca,Casablanca-Settat,33.666722,-7.788506,SURCHARGE,Surcharge trafic,MAJEUR,OUVERT,2026-06-24T20:36:25.419797,,,118,Surcharge trafic sur BTS_3G_GRAND_CASABLANCA_026 — secteur Grand Casablanca,2,,,
234,INC-202606-0234,83,EQ-01-0083,1,Grand Casablanca,Casablanca-Settat,33.775628,-7.725223,PANNE_COMPLETE,Panne totale équipement,CRITIQUE,OUVERT,2026-06-22T01:07:03.419797,,,453,Panne totale équipement sur BTS_2G_GRAND_CASABLANCA_083 — secteur Grand Casablanca,1,,,
235,INC-202606-0235,74,EQ-04-0074,4,Fès,Fès-Meknès,34.105465,-4.914818,COUPURE_FIBRE,Coupure fibre optique,CRITIQUE,OUVERT,2026-06-27T10:56:04.419797,,,558,Coupure fibre optique sur OLT_FÈS_074 — secteur Fès,1,,,
236,INC-202606-0236,93,EQ-05-0093,5,Tanger,Tanger-Tétouan-Al Hoceima,35.660247,-5.790687,PANNE_COMPLETE,Panne totale équipement,CRITIQUE,OUVERT,2026-06-23T02:03:05.419797,,,333,Panne totale équipement sur SWITCH_TANGER_093 — secteur Tanger,1,,,
237,INC-202606-0237,113,EQ-04-0113,4,Fès,Fès-Meknès,34.243133,-4.930196,ALARME_RESEAU,Alarme réseau détectée,MINEUR,OUVERT,2026-06-21T09:38:42.419797,,,80,Alarme réseau détectée sur BTS_2G_FÈS_113 — secteur Fès,3,,,
238,INC-202606-0238,101,EQ-01-0101,1,Grand Casablanca,Casablanca-Settat,33.559315,-7.616616,MISE_A_JOUR,Echec mise à jour firmware,MINEUR,OUVERT,2026-06-23T05:19:38.419797,,,179,Echec mise à jour firmware sur ROUTEUR_GRAND_CASABLANCA_101 — secteur Grand Casablanca,3,,,
239,INC-202606-0239,96,EQ-05-0096,5,Tanger,Tanger-Tétouan-Al Hoceima,35.747455,-5.820071,SURCHARGE,Surcharge trafic,MAJEUR,OUVERT,2026-06-21T09:58:23.419797,,,47,Surcharge trafic sur SWITCH_TANGER_096 — secteur Tanger,2,,,
240,INC-202606-0240,39,EQ-10-0039,10,Tétouan,Tanger-Tétouan-Al Hoceima,35.614049,-5.575724,DEGRADATION,Dégradation performances,MAJEUR,OUVERT,2026-06-25T00:38:54.419797,,,132,Dégradation performances sur BTS_5G_TÉTOUAN_039 — secteur Tétouan,2,,,
241,INC-202606-0241,59,EQ-06-0059,6,Agadir,Souss-Massa,30.399149,-9.379976,MISE_A_JOUR,Echec mise à jour firmware,MINEUR,OUVERT,2026-06-22T14:08:55.419797,,,168,Echec mise à jour firmware sur SWITCH_AGADIR_059 — secteur Agadir,3,,,
242,INC-202606-0242,65,EQ-04-0065,4,Fès,Fès-Meknès,34.150413,-4.800668,MISE_A_JOUR,Echec mise à jour firmware,MINEUR,OUVERT,2026-06-24T06:31:47.419797,,,84,Echec mise à jour firmware sur ANTENNE_FÈS_065 — secteur Fès,3,,,
243,INC-202606-0243,104,EQ-10-0104,10,Tétouan,Tanger-Tétouan-Al Hoceima,35.702686,-5.422284,DEGRADATION,Dégradation performances,MAJEUR,OUVERT,2026-06-24T23:22:44.419797,,,101,Dégradation performances sur BTS_5G_TÉTOUAN_104 — secteur Tétouan,2,,,
244,INC-202606-0244,94,EQ-04-0094,4,Fès,Fès-Meknès,33.901594,-5.049949,MISE_A_JOUR,Echec mise à jour firmware,MINEUR,OUVERT,2026-06-24T01:59:38.419797,,,151,Echec mise à jour firmware sur BTS_3G_FÈS_094 — secteur Fès,3,,,
245,INC-202606-0245,24,EQ-04-0024,4,Fès,Fès-Meknès,33.972601,-4.930464,PANNE_COMPLETE,Panne totale équipement,CRITIQUE,OUVERT,2026-06-25T01:15:04.419797,,,271,Panne totale équipement sur ROUTEUR_FÈS_024 — secteur Fès,1,,,
246,INC-202606-0246,73,EQ-02-0073,2,Rabat-Salé,Rabat-Salé-Kénitra,33.901303,-6.915543,COUPURE_FIBRE,Coupure fibre optique,CRITIQUE,OUVERT,2026-06-23T02:10:36.419797,,,492,Coupure fibre optique sur ROUTEUR_RABAT-SALÉ_073 — secteur Rabat-Salé,1,,,
247,INC-202606-0247,110,EQ-03-0110,3,Marrakech,Marrakech-Safi,31.431139,-7.849285,PANNE_ALIM,Panne alimentation,CRITIQUE,OUVERT,2026-06-26T03:38:16.419797,,,503,Panne alimentation sur BTS_3G_MARRAKECH_110 — secteur Marrakech,1,,,
248,INC-202606-0248,42,EQ-10-0042,10,Tétouan,Tanger-Tétouan-Al Hoceima,35.386275,-5.49761,DEGRADATION,Dégradation performances,MAJEUR,OUVERT,2026-06-25T19:48:41.419797,,,231,Dégradation performances sur BTS_3G_TÉTOUAN_042 — secteur Tétouan,2,,,
249,INC-202606-0249,13,EQ-10-0013,10,Tétouan,Tanger-Tétouan-Al Hoceima,35.449052,-5.368746,ALARME_RESEAU,Alarme réseau détectée,MINEUR,OUVERT,2026-06-22T16:00:59.419797,,,91,Alarme réseau détectée sur SWITCH_TÉTOUAN_013 — secteur Tétouan,3,,,
250,INC-202606-0250,42,EQ-10-0042,10,Tétouan,Tanger-Tétouan-Al Hoceima,35.386275,-5.49761,COUPURE_FIBRE,Coupure fibre optique,CRITIQUE,OUVERT,2026-06-21T01:02:58.419797,,,313,Coupure fibre optique sur BTS_3G_TÉTOUAN_042 — secteur Tétouan,1,,,
251,INC-202606-0251,50,EQ-10-0050,10,Tétouan,Tanger-Tétouan-Al Hoceima,35.546872,-5.574783,COUPURE_FIBRE,Coupure fibre optique,CRITIQUE,OUVERT,2026-06-26T09:10:53.419797,,,565,Coupure fibre optique sur BTS_4G_TÉTOUAN_050 — secteur Tétouan,1,,,
252,INC-202606-0252,35,EQ-07-0035,7,Meknès,Fès-Meknès,34.085625,-5.426263,INTERFERENCE,Interférence signal,MINEUR,OUVERT,2026-06-24T15:00:30.419797,,,21,Interférence signal sur ROUTEUR_MEKNÈS_035 — secteur Meknès,3,,,
253,INC-202606-0253,34,EQ-08-0034,8,Oujda,Oriental,34.850957,-1.730119,INTERFERENCE,Interférence signal,MINEUR,OUVERT,2026-06-23T19:53:18.419797,,,27,Interférence signal sur BTS_5G_OUJDA_034 — secteur Oujda,3,,,
254,INC-202606-0254,86,EQ-05-0086,5,Tanger,Tanger-Tétouan-Al Hoceima,35.712948,-5.737147,DEGRADATION,Dégradation performances,MAJEUR,OUVERT,2026-06-26T14:36:59.419797,,,138,Dégradation performances sur OLT_TANGER_086 — secteur Tanger,2,,,
255,INC-202606-0255,21,EQ-08-0021,8,Oujda,Oriental,34.511866,-1.97312,PANNE_ALIM,Panne alimentation,CRITIQUE,OUVERT,2026-06-27T01:25:47.419797,,,712,Panne alimentation sur BTS_2G_OUJDA_021 — secteur Oujda,1,,,
256,INC-202606-0256,115,EQ-07-0115,7,Meknès,Fès-Meknès,34.104786,-5.568209,SURCHARGE,Surcharge trafic,MAJEUR,OUVERT,2026-06-22T09:15:36.419797,,,120,Surcharge trafic sur ANTENNE_MEKNÈS_115 — secteur Meknès,2,,,
257,INC-202606-0257,48,EQ-03-0048,3,Marrakech,Marrakech-Safi,31.477059,-8.0073,COUPURE_FIBRE,Coupure fibre optique,CRITIQUE,OUVERT,2026-06-23T14:53:09.419797,,,248,Coupure fibre optique sur ROUTEUR_MARRAKECH_048 — secteur Marrakech,1,,,
258,INC-202606-0258,62,EQ-07-0062,7,Meknès,Fès-Meknès,33.849536,-5.646747,ALARME_RESEAU,Alarme réseau détectée,MINEUR,OUVERT,2026-06-26T11:34:56.419797,,,107,Alarme réseau détectée sur SWITCH_MEKNÈS_062 — secteur Meknès,3,,,
259,INC-202606-0259,48,EQ-03-0048,3,Marrakech,Marrakech-Safi,31.477059,-8.0073,PANNE_ALIM,Panne alimentation,CRITIQUE,OUVERT,2026-06-27T15:02:11.419797,,,707,Panne alimentation sur ROUTEUR_MARRAKECH_048 — secteur Marrakech,1,,,
260,INC-202606-0260,61,EQ-02-0061,2,Rabat-Salé,Rabat-Salé-Kénitra,34.076375,-6.768002,COUPURE_FIBRE,Coupure fibre optique,CRITIQUE,OUVERT,2026-06-23T23:08:23.419797,,,528,Coupure fibre optique sur SWITCH_RABAT-SALÉ_061 — secteur Rabat-Salé,1,,,
261,INC-202606-0261,97,EQ-08-0097,8,Oujda,Oriental,34.599593,-2.032779,DEGRADATION,Dégradation performances,MAJEUR,OUVERT,2026-06-27T08:07:30.419797,,,174,Dégradation performances sur ROUTEUR_OUJDA_097 — secteur Oujda,2,,,
262,INC-202606-0262,68,EQ-10-0068,10,Tétouan,Tanger-Tétouan-Al Hoceima,35.676854,-5.420662,INTERFERENCE,Interférence signal,MINEUR,OUVERT,2026-06-21T21:48:33.419797,,,34,Interférence signal sur BTS_5G_TÉTOUAN_068 — secteur Tétouan,3,,,
263,INC-202606-0263,8,EQ-02-0008,2,Rabat-Salé,Rabat-Salé-Kénitra,34.093541,-6.718596,COUPURE_FIBRE,Coupure fibre optique,CRITIQUE,OUVERT,2026-06-27T21:52:18.419797,,,454,Coupure fibre optique sur BTS_2G_RABAT-SALÉ_008 — secteur Rabat-Salé,1,,,
264,INC-202606-0264,20,EQ-05-0020,5,Tanger,Tanger-Tétouan-Al Hoceima,35.603121,-5.715752,ALARME_RESEAU,Alarme réseau détectée,MINEUR,OUVERT,2026-06-24T22:37:53.419797,,,96,Alarme réseau détectée sur BTS_5G_TANGER_020 — secteur Tanger,3,,,
265,INC-202606-0265,57,EQ-09-0057,9,Kenitra,Rabat-Salé-Kénitra,34.341864,-6.425398,DEGRADATION,Dégradation performances,MAJEUR,OUVERT,2026-06-23T10:53:16.419797,,,209,Dégradation performances sur OLT_KENITRA_057 — secteur Kenitra,2,,,
266,INC-202606-0266,63,EQ-07-0063,7,Meknès,Fès-Meknès,33.945534,-5.644362,DEGRADATION,Dégradation performances,MAJEUR,OUVERT,2026-06-27T03:43:04.419797,,,174,Dégradation performances sur BTS_4G_MEKNÈS_063 — secteur Meknès,2,,,
267,INC-202606-0267,104,EQ-10-0104,10,Tétouan,Tanger-Tétouan-Al Hoceima,35.702686,-5.422284,PANNE_COMPLETE,Panne totale équipement,CRITIQUE,OUVERT,2026-06-26T11:07:55.419797,,,187,Panne totale équipement sur BTS_5G_TÉTOUAN_104 — secteur Tétouan,1,,,
268,INC-202606-0268,66,EQ-05-0066,5,Tanger,Tanger-Tétouan-Al Hoceima,35.576341,-5.630397,PANNE_ALIM,Panne alimentation,CRITIQUE,OUVERT,2026-06-26T12:06:44.419797,,,528,Panne alimentation sur SWITCH_TANGER_066 — secteur Tanger,1,,,
269,INC-202606-0269,8,EQ-02-0008,2,Rabat-Salé,Rabat-Salé-Kénitra,34.093541,-6.718596,MISE_A_JOUR,Echec mise à jour firmware,MINEUR,OUVERT,2026-06-24T16:49:16.419797,,,152,Echec mise à jour firmware sur BTS_2G_RABAT-SALÉ_008 — secteur Rabat-Salé,3,,,
270,INC-202606-0270,3,EQ-10-0003,10,Tétouan,Tanger-Tétouan-Al Hoceima,35.606088,-5.271094,PANNE_ALIM,Panne alimentation,CRITIQUE,OUVERT,2026-06-24T01:10:34.419797,,,658,Panne alimentation sur BTS_2G_TÉTOUAN_003 — secteur Tétouan,1,,,
271,INC-202606-0271,1,EQ-02-0001,2,Rabat-Salé,Rabat-Salé-Kénitra,34.129707,-6.956514,COUPURE_FIBRE,Coupure fibre optique,CRITIQUE,OUVERT,2026-06-21T20:19:54.419797,,,203,Coupure fibre optique sur BTS_2G_RABAT-SALÉ_001 — secteur Rabat-Salé,1,,,
272,INC-202606-0272,55,EQ-08-0055,8,Oujda,Oriental,34.598948,-1.778361,INTERFERENCE,Interférence signal,MINEUR,OUVERT,2026-06-21T17:37:54.419797,,,89,Interférence signal sur SWITCH_OUJDA_055 — secteur Oujda,3,,,
273,INC-202606-0273,8,EQ-02-0008,2,Rabat-Salé,Rabat-Salé-Kénitra,34.093541,-6.718596,DEGRADATION,Dégradation performances,MAJEUR,OUVERT,2026-06-26T16:33:39.419797,,,68,Dégradation performances sur BTS_2G_RABAT-SALÉ_008 — secteur Rabat-Salé,2,,,
274,INC-202606-0274,37,EQ-01-0037,1,Grand Casablanca,Casablanca-Settat,33.611018,-7.588516,PANNE_ALIM,Panne alimentation,CRITIQUE,OUVERT,2026-06-23T03:29:01.419797,,,633,Panne alimentation sur BTS_2G_GRAND_CASABLANCA_037 — secteur Grand Casablanca,1,,,
275,INC-202606-0275,18,EQ-02-0018,2,Rabat-Salé,Rabat-Salé-Kénitra,34.14189,-6.913593,PANNE_ALIM,Panne alimentation,CRITIQUE,OUVERT,2026-06-25T12:07:47.419797,,,696,Panne alimentation sur ROUTEUR_RABAT-SALÉ_018 — secteur Rabat-Salé,1,,,
276,INC-202606-0276,49,EQ-02-0049,2,Rabat-Salé,Rabat-Salé-Kénitra,34.221373,-6.755555,MISE_A_JOUR,Echec mise à jour firmware,MINEUR,OUVERT,2026-06-25T13:00:50.419797,,,108,Echec mise à jour firmware sur BTS_3G_RABAT-SALÉ_049 — secteur Rabat-Salé,3,,,
277,INC-202606-0277,11,EQ-07-0011,7,Meknès,Fès-Meknès,34.114006,-5.491637,ALARME_RESEAU,Alarme réseau détectée,MINEUR,OUVERT,2026-06-25T04:21:20.419797,,,45,Alarme réseau détectée sur ROUTEUR_MEKNÈS_011 — secteur Meknès,3,,,
278,INC-202606-0278,23,EQ-08-0023,8,Oujda,Oriental,34.58087,-1.743637,PANNE_ALIM,Panne alimentation,CRITIQUE,OUVERT,2026-06-27T09:05:48.419797,,,305,Panne alimentation sur BTS_4G_OUJDA_023 — secteur Oujda,1,,,
279,INC-202606-0279,94,EQ-04-0094,4,Fès,Fès-Meknès,33.901594,-5.049949,COUPURE_FIBRE,Coupure fibre optique,CRITIQUE,OUVERT,2026-06-21T00:04:19.419797,,,567,Coupure fibre optique sur BTS_3G_FÈS_094 — secteur Fès,1,,,
280,INC-202606-0280,3,EQ-10-0003,10,Tétouan,Tanger-Tétouan-Al Hoceima,35.606088,-5.271094,SURCHARGE,Surcharge trafic,MAJEUR,OUVERT,2026-06-26T13:55:11.419797,,,153,Surcharge trafic sur BTS_2G_TÉTOUAN_003 — secteur Tétouan,2,,,
281,INC-202606-0281,69,EQ-01-0069,1,Grand Casablanca,Casablanca-Settat,33.698515,-7.716448,PANNE_ALIM,Panne alimentation,CRITIQUE,OUVERT,2026-06-23T17:57:17.419797,,,366,Panne alimentation sur BTS_3G_GRAND_CASABLANCA_069 — secteur Grand Casablanca,1,,,
282,INC-202606-0282,59,EQ-06-0059,6,Agadir,Souss-Massa,30.399149,-9.379976,INTERFERENCE,Interférence signal,MINEUR,OUVERT,2026-06-22T20:14:33.419797,,,55,Interférence signal sur SWITCH_AGADIR_059 — secteur Agadir,3,,,
283,INC-202606-0283,25,EQ-08-0025,8,Oujda,Oriental,34.573144,-2.107785,DEGRADATION,Dégradation performances,MAJEUR,OUVERT,2026-06-21T08:26:39.419797,,,229,Dégradation performances sur BTS_3G_OUJDA_025 — secteur Oujda,2,,,
284,INC-202606-0284,54,EQ-02-0054,2,Rabat-Salé,Rabat-Salé-Kénitra,34.188543,-6.680072,PANNE_COMPLETE,Panne totale équipement,CRITIQUE,OUVERT,2026-06-23T21:09:33.419797,,,225,Panne totale équipement sur OLT_RABAT-SALÉ_054 — secteur Rabat-Salé,1,,,
285,INC-202606-0285,9,EQ-07-0009,7,Meknès,Fès-Meknès,33.872514,-5.4042,DEGRADATION,Dégradation performances,MAJEUR,OUVERT,2026-06-21T08:50:24.419797,,,174,Dégradation performances sur ROUTEUR_MEKNÈS_009 — secteur Meknès,2,,,
286,INC-202606-0286,77,EQ-06-0077,6,Agadir,Souss-Massa,30.541978,-9.438889,PANNE_COMPLETE,Panne totale équipement,CRITIQUE,OUVERT,2026-06-23T22:20:39.419797,,,142,Panne totale équipement sur ROUTEUR_AGADIR_077 — secteur Agadir,1,,,
287,INC-202606-0287,52,EQ-03-0052,3,Marrakech,Marrakech-Safi,31.793737,-7.766593,MISE_A_JOUR,Echec mise à jour firmware,MINEUR,OUVERT,2026-06-23T19:18:59.419797,,,129,Echec mise à jour firmware sur BTS_5G_MARRAKECH_052 — secteur Marrakech,3,,,
288,INC-202606-0288,28,EQ-10-0028,10,Tétouan,Tanger-Tétouan-Al Hoceima,35.462733,-5.380574,PANNE_COMPLETE,Panne totale équipement,CRITIQUE,OUVERT,2026-06-22T15:52:39.419797,,,377,Panne totale équipement sur ANTENNE_TÉTOUAN_028 — secteur Tétouan,1,,,
289,INC-202606-0289,38,EQ-09-0038,9,Kenitra,Rabat-Salé-Kénitra,34.419262,-6.77456,COUPURE_FIBRE,Coupure fibre optique,CRITIQUE,OUVERT,2026-06-27T22:51:52.419797,,,343,Coupure fibre optique sur BTS_3G_KENITRA_038 — secteur Kenitra,1,,,
290,INC-202606-0290,74,EQ-04-0074,4,Fès,Fès-Meknès,34.105465,-4.914818,INTERFERENCE,Interférence signal,MINEUR,OUVERT,2026-06-23T20:03:48.419797,,,58,Interférence signal sur OLT_FÈS_074 — secteur Fès,3,,,
291,INC-202606-0291,113,EQ-04-0113,4,Fès,Fès-Meknès,34.243133,-4.930196,ALARME_RESEAU,Alarme réseau détectée,MINEUR,OUVERT,2026-06-27T06:53:08.419797,,,58,Alarme réseau détectée sur BTS_2G_FÈS_113 — secteur Fès,3,,,
292,INC-202606-0292,53,EQ-06-0053,6,Agadir,Souss-Massa,30.563942,-9.434107,SURCHARGE,Surcharge trafic,MAJEUR,OUVERT,2026-06-24T07:12:16.419797,,,60,Surcharge trafic sur OLT_AGADIR_053 — secteur Agadir,2,,,
293,INC-202606-0293,72,EQ-04-0072,4,Fès,Fès-Meknès,34.137836,-4.998205,ALARME_RESEAU,Alarme réseau détectée,MINEUR,OUVERT,2026-06-26T03:29:29.419797,,,101,Alarme réseau détectée sur ROUTEUR_FÈS_072 — secteur Fès,3,,,
294,INC-202606-0294,64,EQ-04-0064,4,Fès,Fès-Meknès,34.14682,-4.959754,PANNE_COMPLETE,Panne totale équipement,CRITIQUE,OUVERT,2026-06-25T03:22:42.419797,,,449,Panne totale équipement sur OLT_FÈS_064 — secteur Fès,1,,,
295,INC-202606-0295,86,EQ-05-0086,5,Tanger,Tanger-Tétouan-Al Hoceima,35.712948,-5.737147,PANNE_ALIM,Panne alimentation,CRITIQUE,OUVERT,2026-06-27T07:49:16.419797,,,403,Panne alimentation sur OLT_TANGER_086 — secteur Tanger,1,,,
296,INC-202606-0296,90,EQ-09-0090,9,Kenitra,Rabat-Salé-Kénitra,34.245177,-6.433473,PANNE_ALIM,Panne alimentation,CRITIQUE,OUVERT,2026-06-25T21:58:27.419797,,,316,Panne alimentation sur ANTENNE_KENITRA_090 — secteur Kenitra,1,,,
297,INC-202606-0297,39,EQ-10-0039,10,Tétouan,Tanger-Tétouan-Al Hoceima,35.614049,-5.575724,PANNE_ALIM,Panne alimentation,CRITIQUE,OUVERT,2026-06-23T04:37:08.419797,,,626,Panne alimentation sur BTS_5G_TÉTOUAN_039 — secteur Tétouan,1,,,
298,INC-202606-0298,69,EQ-01-0069,1,Grand Casablanca,Casablanca-Settat,33.698515,-7.716448,MISE_A_JOUR,Echec mise à jour firmware,MINEUR,OUVERT,2026-06-23T21:14:50.419797,,,168,Echec mise à jour firmware sur BTS_3G_GRAND_CASABLANCA_069 — secteur Grand Casablanca,3,,,
299,INC-202606-0299,29,EQ-07-0029,7,Meknès,Fès-Meknès,33.859076,-5.569554,SURCHARGE,Surcharge trafic,MAJEUR,OUVERT,2026-06-22T17:06:20.419797,,,163,Surcharge trafic sur SWITCH_MEKNÈS_029 — secteur Meknès,2,,,
300,INC-202606-0300,118,EQ-07-0118,7,Meknès,Fès-Meknès,33.964518,-5.535514,PANNE_COMPLETE,Panne totale équipement,CRITIQUE,OUVERT,2026-06-27T18:52:01.419797,,,331,Panne totale équipement sur BTS_2G_MEKNÈS_118 — secteur Meknès,1,,,
